[2026-09-04 09:17:37] production.ERROR: Please provide a valid cache path. {"exception":"[object] (InvalidArgumentException(code: 0): Please provide a valid cache path. at /home/u910898544/domains/fiinway.in/public_html/vendor/laravel/framework/src/Illuminate/View/Compilers/Compiler.php:75)
[stacktrace]
#0 /home/u910898544/domains/fiinway.in/public_html/vendor/laravel/framework/src/Illuminate/View/ViewServiceProvider.php(97): Illuminate\\View\\Compilers\\Compiler->__construct()
#1 /home/u910898544/domains/fiinway.in/public_html/vendor/laravel/framework/src/Illuminate/Container/Container.php(1138): Illuminate\\View\\ViewServiceProvider->Illuminate\\View\\{closure}()
#2 /home/u910898544/domains/fiinway.in/public_html/vendor/laravel/framework/src/Illuminate/Container/Container.php(937): Illuminate\\Container\\Container->build()
#3 /home/u910898544/domains/fiinway.in/public_html/vendor/laravel/framework/src/Illuminate/Foundation/Application.php(1085): Illuminate\\Container\\Container->resolve()
#4 /home/u910898544/domains/fiinway.in/public_html/vendor/laravel/framework/src/Illuminate/Container/Container.php(865): Illuminate\\Foundation\\Application->resolve()
#5 /home/u910898544/domains/fiinway.in/public_html/vendor/laravel/framework/src/Illuminate/Foundation/Application.php(1065): Illuminate\\Container\\Container->make()
#6 /home/u910898544/domains/fiinway.in/public_html/vendor/laravel/framework/src/Illuminate/View/ViewServiceProvider.php(169): Illuminate\\Foundation\\Application->make()
#7 [internal function]: Illuminate\\View\\ViewServiceProvider->Illuminate\\View\\{closure}()
#8 /home/u910898544/domains/fiinway.in/public_html/vendor/laravel/framework/src/Illuminate/View/Engines/EngineResolver.php(55): call_user_func()
#9 /home/u910898544/domains/fiinway.in/public_html/vendor/laravel/framework/src/Illuminate/View/Factory.php(325): Illuminate\\View\\Engines\\EngineResolver->resolve()
#10 /home/u910898544/domains/fiinway.in/public_html/vendor/laravel/framework/src/Illuminate/View/Factory.php(287): Illuminate\\View\\Factory->getEngineFromPath()
#11 /home/u910898544/domains/fiinway.in/public_html/vendor/laravel/framework/src/Illuminate/View/Factory.php(159): Illuminate\\View\\Factory->viewInstance()
#12 /home/u910898544/domains/fiinway.in/public_html/vendor/laravel/framework/src/Illuminate/Foundation/helpers.php(1101): Illuminate\\View\\Factory->make()
#13 /home/u910898544/domains/fiinway.in/public_html/app/Http/Controllers/PageController.php(14): view()
#14 /home/u910898544/domains/fiinway.in/public_html/vendor/laravel/framework/src/Illuminate/Routing/ControllerDispatcher.php(46): App\\Http\\Controllers\\PageController->returnPolicy()
#15 /home/u910898544/domains/fiinway.in/public_html/vendor/laravel/framework/src/Illuminate/Routing/Route.php(276): Illuminate\\Routing\\ControllerDispatcher->dispatch()
#16 /home/u910898544/domains/fiinway.in/public_html/vendor/laravel/framework/src/Illuminate/Routing/Route.php(216): Illuminate\\Routing\\Route->runController()
#17 /home/u910898544/domains/fiinway.in/public_html/vendor/laravel/framework/src/Illuminate/Routing/Router.php(822): Illuminate\\Routing\\Route->run()
#18 /home/u910898544/domains/fiinway.in/public_html/vendor/laravel/framework/src/Illuminate/Pipeline/Pipeline.php(180): Illuminate\\Routing\\Router->Illuminate\\Routing\\{closure}()
#19 /home/u910898544/domains/fiinway.in/public_html/vendor/laravel/framework/src/Illuminate/Routing/Middleware/SubstituteBindings.php(52): Illuminate\\Pipeline\\Pipeline->Illuminate\\Pipeline\\{closure}()
#20 /home/u910898544/domains/fiinway.in/public_html/vendor/laravel/framework/src/Illuminate/Pipeline/Pipeline.php(219): Illuminate\\Routing\\Middleware\\SubstituteBindings->handle()
#21 /home/u910898544/domains/fiinway.in/public_html/vendor/laravel/framework/src/Illuminate/Foundation/Http/Middleware/PreventRequestForgery.php(104): Illuminate\\Pipeline\\Pipeline->Illuminate\\Pipeline\\{closure}()
#22 /home/u910898544/domains/fiinway.in/public_html/vendor/laravel/framework/src/Illuminate/Pipeline/Pipeline.php(219): Illuminate\\Foundation\\Http\\Middleware\\PreventRequestForgery->handle()
#23 /home/u910898544/domains/fiinway.in/public_html/vendor/laravel/framework/src/Illuminate/View/Middleware/ShareErrorsFromSession.php(48): Illuminate\\Pipeline\\Pipeline->Illuminate\\Pipeline\\{closure}()
#24 /home/u910898544/domains/fiinway.in/public_html/vendor/laravel/framework/src/Illuminate/Pipeline/Pipeline.php(219): Illuminate\\View\\Middleware\\ShareErrorsFromSession->handle()
#25 /home/u910898544/domains/fiinway.in/public_html/vendor/laravel/framework/src/Illuminate/Session/Middleware/StartSession.php(120): Illuminate\\Pipeline\\Pipeline->Illuminate\\Pipeline\\{closure}()
#26 /home/u910898544/domains/fiinway.in/public_html/vendor/laravel/framework/src/Illuminate/Session/Middleware/StartSession.php(63): Illuminate\\Session\\Middleware\\StartSession->handleStatefulRequest()
#27 /home/u910898544/domains/fiinway.in/public_html/vendor/laravel/framework/src/Illuminate/Pipeline/Pipeline.php(219): Illuminate\\Session\\Middleware\\StartSession->handle()
#28 /home/u910898544/domains/fiinway.in/public_html/vendor/laravel/framework/src/Illuminate/Cookie/Middleware/AddQueuedCookiesToResponse.php(36): Illuminate\\Pipeline\\Pipeline->Illuminate\\Pipeline\\{closure}()
#29 /home/u910898544/domains/fiinway.in/public_html/vendor/laravel/framework/src/Illuminate/Pipeline/Pipeline.php(219): Illuminate\\Cookie\\Middleware\\AddQueuedCookiesToResponse->handle()
#30 /home/u910898544/domains/fiinway.in/public_html/vendor/laravel/framework/src/Illuminate/Cookie/Middleware/EncryptCookies.php(74): Illuminate\\Pipeline\\Pipeline->Illuminate\\Pipeline\\{closure}()
#31 /home/u910898544/domains/fiinway.in/public_html/vendor/laravel/framework/src/Illuminate/Pipeline/Pipeline.php(219): Illuminate\\Cookie\\Middleware\\EncryptCookies->handle()
#32 /home/u910898544/domains/fiinway.in/public_html/vendor/laravel/framework/src/Illuminate/Pipeline/Pipeline.php(137): Illuminate\\Pipeline\\Pipeline->Illuminate\\Pipeline\\{closure}()
#33 /home/u910898544/domains/fiinway.in/public_html/vendor/laravel/framework/src/Illuminate/Routing/Router.php(821): Illuminate\\Pipeline\\Pipeline->then()
#34 /home/u910898544/domains/fiinway.in/public_html/vendor/laravel/framework/src/Illuminate/Routing/Router.php(800): Illuminate\\Routing\\Router->runRouteWithinStack()
#35 /home/u910898544/domains/fiinway.in/public_html/vendor/laravel/framework/src/Illuminate/Routing/Router.php(764): Illuminate\\Routing\\Router->runRoute()
#36 /home/u910898544/domains/fiinway.in/public_html/vendor/laravel/framework/src/Illuminate/Routing/Router.php(753): Illuminate\\Routing\\Router->dispatchToRoute()
#37 /home/u910898544/domains/fiinway.in/public_html/vendor/laravel/framework/src/Illuminate/Foundation/Http/Kernel.php(200): Illuminate\\Routing\\Router->dispatch()
#38 /home/u910898544/domains/fiinway.in/public_html/vendor/laravel/framework/src/Illuminate/Pipeline/Pipeline.php(180): Illuminate\\Foundation\\Http\\Kernel->Illuminate\\Foundation\\Http\\{closure}()
#39 /home/u910898544/domains/fiinway.in/public_html/vendor/laravel/framework/src/Illuminate/Foundation/Http/Middleware/TransformsRequest.php(21): Illuminate\\Pipeline\\Pipeline->Illuminate\\Pipeline\\{closure}()
#40 /home/u910898544/domains/fiinway.in/public_html/vendor/laravel/framework/src/Illuminate/Foundation/Http/Middleware/ConvertEmptyStringsToNull.php(31): Illuminate\\Foundation\\Http\\Middleware\\TransformsRequest->handle()
#41 /home/u910898544/domains/fiinway.in/public_html/vendor/laravel/framework/src/Illuminate/Pipeline/Pipeline.php(219): Illuminate\\Foundation\\Http\\Middleware\\ConvertEmptyStringsToNull->handle()
#42 /home/u910898544/domains/fiinway.in/public_html/vendor/laravel/framework/src/Illuminate/Foundation/Http/Middleware/TransformsRequest.php(21): Illuminate\\Pipeline\\Pipeline->Illuminate\\Pipeline\\{closure}()
#43 /home/u910898544/domains/fiinway.in/public_html/vendor/laravel/framework/src/Illuminate/Foundation/Http/Middleware/TrimStrings.php(51): Illuminate\\Foundation\\Http\\Middleware\\TransformsRequest->handle()
#44 /home/u910898544/domains/fiinway.in/public_html/vendor/laravel/framework/src/Illuminate/Pipeline/Pipeline.php(219): Illuminate\\Foundation\\Http\\Middleware\\TrimStrings->handle()
#45 /home/u910898544/domains/fiinway.in/public_html/vendor/laravel/framework/src/Illuminate/Http/Middleware/ValidatePostSize.php(27): Illuminate\\Pipeline\\Pipeline->Illuminate\\Pipeline\\{closure}()
#46 /home/u910898544/domains/fiinway.in/public_html/vendor/laravel/framework/src/Illuminate/Pipeline/Pipeline.php(219): Illuminate\\Http\\Middleware\\ValidatePostSize->handle()
#47 /home/u910898544/domains/fiinway.in/public_html/vendor/laravel/framework/src/Illuminate/Foundation/Http/Middleware/PreventRequestsDuringMaintenance.php(110): Illuminate\\Pipeline\\Pipeline->Illuminate\\Pipeline\\{closure}()
#48 /home/u910898544/domains/fiinway.in/public_html/vendor/laravel/framework/src/Illuminate/Pipeline/Pipeline.php(219): Illuminate\\Foundation\\Http\\Middleware\\PreventRequestsDuringMaintenance->handle()
#49 /home/u910898544/domains/fiinway.in/public_html/vendor/laravel/framework/src/Illuminate/Http/Middleware/HandleCors.php(61): Illuminate\\Pipeline\\Pipeline->Illuminate\\Pipeline\\{closure}()
#50 /home/u910898544/domains/fiinway.in/public_html/vendor/laravel/framework/src/Illuminate/Pipeline/Pipeline.php(219): Illuminate\\Http\\Middleware\\HandleCors->handle()
#51 /home/u910898544/domains/fiinway.in/public_html/vendor/laravel/framework/src/Illuminate/Http/Middleware/TrustProxies.php(58): Illuminate\\Pipeline\\Pipeline->Illuminate\\Pipeline\\{closure}()
#52 /home/u910898544/domains/fiinway.in/public_html/vendor/laravel/framework/src/Illuminate/Pipeline/Pipeline.php(219): Illuminate\\Http\\Middleware\\TrustProxies->handle()
#53 /home/u910898544/domains/fiinway.in/public_html/vendor/laravel/framework/src/Illuminate/Foundation/Http/Middleware/InvokeDeferredCallbacks.php(22): Illuminate\\Pipeline\\Pipeline->Illuminate\\Pipeline\\{closure}()
#54 /home/u910898544/domains/fiinway.in/public_html/vendor/laravel/framework/src/Illuminate/Pipeline/Pipeline.php(219): Illuminate\\Foundation\\Http\\Middleware\\InvokeDeferredCallbacks->handle()
#55 /home/u910898544/domains/fiinway.in/public_html/vendor/laravel/framework/src/Illuminate/Http/Middleware/ValidatePathEncoding.php(28): Illuminate\\Pipeline\\Pipeline->Illuminate\\Pipeline\\{closure}()
#56 /home/u910898544/domains/fiinway.in/public_html/vendor/laravel/framework/src/Illuminate/Pipeline/Pipeline.php(219): Illuminate\\Http\\Middleware\\ValidatePathEncoding->handle()
#57 /home/u910898544/domains/fiinway.in/public_html/vendor/laravel/framework/src/Illuminate/Pipeline/Pipeline.php(137): Illuminate\\Pipeline\\Pipeline->Illuminate\\Pipeline\\{closure}()
#58 /home/u910898544/domains/fiinway.in/public_html/vendor/laravel/framework/src/Illuminate/Foundation/Http/Kernel.php(175): Illuminate\\Pipeline\\Pipeline->then()
#59 /home/u910898544/domains/fiinway.in/public_html/vendor/laravel/framework/src/Illuminate/Foundation/Http/Kernel.php(144): Illuminate\\Foundation\\Http\\Kernel->sendRequestThroughRouter()
#60 /home/u910898544/domains/fiinway.in/public_html/vendor/laravel/framework/src/Illuminate/Foundation/Application.php(1227): Illuminate\\Foundation\\Http\\Kernel->handle()
#61 /home/u910898544/domains/fiinway.in/public_html/public/index.php(20): Illuminate\\Foundation\\Application->handleRequest()
#62 {main}
"} 
[2026-09-04 09:18:00] production.INFO: DEMO OTP for 8888775444: 291622  
[2026-09-04 09:18:33] production.ERROR: Attempt to read property "email" on null {"userId":108,"exception":"[object] (ErrorException(code: 0): Attempt to read property \"email\" on null at /home/u910898544/domains/fiinway.in/public_html/app/Http/Controllers/Buyer/OrderController.php:542)
[stacktrace]
#0 /home/u910898544/domains/fiinway.in/public_html/vendor/laravel/framework/src/Illuminate/Foundation/Bootstrap/HandleExceptions.php(263): Illuminate\\Foundation\\Bootstrap\\HandleExceptions->handleError()
#1 /home/u910898544/domains/fiinway.in/public_html/app/Http/Controllers/Buyer/OrderController.php(542): Illuminate\\Foundation\\Bootstrap\\HandleExceptions->Illuminate\\Foundation\\Bootstrap\\{closure}()
#2 /home/u910898544/domains/fiinway.in/public_html/vendor/laravel/framework/src/Illuminate/Routing/ControllerDispatcher.php(46): App\\Http\\Controllers\\Buyer\\OrderController->initiateHubPayment()
#3 /home/u910898544/domains/fiinway.in/public_html/vendor/laravel/framework/src/Illuminate/Routing/Route.php(276): Illuminate\\Routing\\ControllerDispatcher->dispatch()
#4 /home/u910898544/domains/fiinway.in/public_html/vendor/laravel/framework/src/Illuminate/Routing/Route.php(216): Illuminate\\Routing\\Route->runController()
#5 /home/u910898544/domains/fiinway.in/public_html/vendor/laravel/framework/src/Illuminate/Routing/Router.php(822): Illuminate\\Routing\\Route->run()
#6 /home/u910898544/domains/fiinway.in/public_html/vendor/laravel/framework/src/Illuminate/Pipeline/Pipeline.php(180): Illuminate\\Routing\\Router->Illuminate\\Routing\\{closure}()
#7 /home/u910898544/domains/fiinway.in/public_html/vendor/laravel/framework/src/Illuminate/Routing/Middleware/SubstituteBindings.php(52): Illuminate\\Pipeline\\Pipeline->Illuminate\\Pipeline\\{closure}()
#8 /home/u910898544/domains/fiinway.in/public_html/vendor/laravel/framework/src/Illuminate/Pipeline/Pipeline.php(219): Illuminate\\Routing\\Middleware\\SubstituteBindings->handle()
#9 /home/u910898544/domains/fiinway.in/public_html/vendor/laravel/framework/src/Illuminate/Auth/Middleware/Authenticate.php(63): Illuminate\\Pipeline\\Pipeline->Illuminate\\Pipeline\\{closure}()
#10 /home/u910898544/domains/fiinway.in/public_html/vendor/laravel/framework/src/Illuminate/Pipeline/Pipeline.php(219): Illuminate\\Auth\\Middleware\\Authenticate->handle()
#11 /home/u910898544/domains/fiinway.in/public_html/vendor/laravel/framework/src/Illuminate/Foundation/Http/Middleware/PreventRequestForgery.php(104): Illuminate\\Pipeline\\Pipeline->Illuminate\\Pipeline\\{closure}()
#12 /home/u910898544/domains/fiinway.in/public_html/vendor/laravel/framework/src/Illuminate/Pipeline/Pipeline.php(219): Illuminate\\Foundation\\Http\\Middleware\\PreventRequestForgery->handle()
#13 /home/u910898544/domains/fiinway.in/public_html/vendor/laravel/framework/src/Illuminate/View/Middleware/ShareErrorsFromSession.php(48): Illuminate\\Pipeline\\Pipeline->Illuminate\\Pipeline\\{closure}()
#14 /home/u910898544/domains/fiinway.in/public_html/vendor/laravel/framework/src/Illuminate/Pipeline/Pipeline.php(219): Illuminate\\View\\Middleware\\ShareErrorsFromSession->handle()
#15 /home/u910898544/domains/fiinway.in/public_html/vendor/laravel/framework/src/Illuminate/Session/Middleware/StartSession.php(120): Illuminate\\Pipeline\\Pipeline->Illuminate\\Pipeline\\{closure}()
#16 /home/u910898544/domains/fiinway.in/public_html/vendor/laravel/framework/src/Illuminate/Session/Middleware/StartSession.php(63): Illuminate\\Session\\Middleware\\StartSession->handleStatefulRequest()
#17 /home/u910898544/domains/fiinway.in/public_html/vendor/laravel/framework/src/Illuminate/Pipeline/Pipeline.php(219): Illuminate\\Session\\Middleware\\StartSession->handle()
#18 /home/u910898544/domains/fiinway.in/public_html/vendor/laravel/framework/src/Illuminate/Cookie/Middleware/AddQueuedCookiesToResponse.php(36): Illuminate\\Pipeline\\Pipeline->Illuminate\\Pipeline\\{closure}()
#19 /home/u910898544/domains/fiinway.in/public_html/vendor/laravel/framework/src/Illuminate/Pipeline/Pipeline.php(219): Illuminate\\Cookie\\Middleware\\AddQueuedCookiesToResponse->handle()
#20 /home/u910898544/domains/fiinway.in/public_html/vendor/laravel/framework/src/Illuminate/Cookie/Middleware/EncryptCookies.php(74): Illuminate\\Pipeline\\Pipeline->Illuminate\\Pipeline\\{closure}()
#21 /home/u910898544/domains/fiinway.in/public_html/vendor/laravel/framework/src/Illuminate/Pipeline/Pipeline.php(219): Illuminate\\Cookie\\Middleware\\EncryptCookies->handle()
#22 /home/u910898544/domains/fiinway.in/public_html/vendor/laravel/framework/src/Illuminate/Pipeline/Pipeline.php(137): Illuminate\\Pipeline\\Pipeline->Illuminate\\Pipeline\\{closure}()
#23 /home/u910898544/domains/fiinway.in/public_html/vendor/laravel/framework/src/Illuminate/Routing/Router.php(821): Illuminate\\Pipeline\\Pipeline->then()
#24 /home/u910898544/domains/fiinway.in/public_html/vendor/laravel/framework/src/Illuminate/Routing/Router.php(800): Illuminate\\Routing\\Router->runRouteWithinStack()
#25 /home/u910898544/domains/fiinway.in/public_html/vendor/laravel/framework/src/Illuminate/Routing/Router.php(764): Illuminate\\Routing\\Router->runRoute()
#26 /home/u910898544/domains/fiinway.in/public_html/vendor/laravel/framework/src/Illuminate/Routing/Router.php(753): Illuminate\\Routing\\Router->dispatchToRoute()
#27 /home/u910898544/domains/fiinway.in/public_html/vendor/laravel/framework/src/Illuminate/Foundation/Http/Kernel.php(200): Illuminate\\Routing\\Router->dispatch()
#28 /home/u910898544/domains/fiinway.in/public_html/vendor/laravel/framework/src/Illuminate/Pipeline/Pipeline.php(180): Illuminate\\Foundation\\Http\\Kernel->Illuminate\\Foundation\\Http\\{closure}()
#29 /home/u910898544/domains/fiinway.in/public_html/vendor/laravel/framework/src/Illuminate/Foundation/Http/Middleware/TransformsRequest.php(21): Illuminate\\Pipeline\\Pipeline->Illuminate\\Pipeline\\{closure}()
#30 /home/u910898544/domains/fiinway.in/public_html/vendor/laravel/framework/src/Illuminate/Foundation/Http/Middleware/ConvertEmptyStringsToNull.php(31): Illuminate\\Foundation\\Http\\Middleware\\TransformsRequest->handle()
#31 /home/u910898544/domains/fiinway.in/public_html/vendor/laravel/framework/src/Illuminate/Pipeline/Pipeline.php(219): Illuminate\\Foundation\\Http\\Middleware\\ConvertEmptyStringsToNull->handle()
#32 /home/u910898544/domains/fiinway.in/public_html/vendor/laravel/framework/src/Illuminate/Foundation/Http/Middleware/TransformsRequest.php(21): Illuminate\\Pipeline\\Pipeline->Illuminate\\Pipeline\\{closure}()
#33 /home/u910898544/domains/fiinway.in/public_html/vendor/laravel/framework/src/Illuminate/Foundation/Http/Middleware/TrimStrings.php(51): Illuminate\\Foundation\\Http\\Middleware\\TransformsRequest->handle()
#34 /home/u910898544/domains/fiinway.in/public_html/vendor/laravel/framework/src/Illuminate/Pipeline/Pipeline.php(219): Illuminate\\Foundation\\Http\\Middleware\\TrimStrings->handle()
#35 /home/u910898544/domains/fiinway.in/public_html/vendor/laravel/framework/src/Illuminate/Http/Middleware/ValidatePostSize.php(27): Illuminate\\Pipeline\\Pipeline->Illuminate\\Pipeline\\{closure}()
#36 /home/u910898544/domains/fiinway.in/public_html/vendor/laravel/framework/src/Illuminate/Pipeline/Pipeline.php(219): Illuminate\\Http\\Middleware\\ValidatePostSize->handle()
#37 /home/u910898544/domains/fiinway.in/public_html/vendor/laravel/framework/src/Illuminate/Foundation/Http/Middleware/PreventRequestsDuringMaintenance.php(110): Illuminate\\Pipeline\\Pipeline->Illuminate\\Pipeline\\{closure}()
#38 /home/u910898544/domains/fiinway.in/public_html/vendor/laravel/framework/src/Illuminate/Pipeline/Pipeline.php(219): Illuminate\\Foundation\\Http\\Middleware\\PreventRequestsDuringMaintenance->handle()
#39 /home/u910898544/domains/fiinway.in/public_html/vendor/laravel/framework/src/Illuminate/Http/Middleware/HandleCors.php(61): Illuminate\\Pipeline\\Pipeline->Illuminate\\Pipeline\\{closure}()
#40 /home/u910898544/domains/fiinway.in/public_html/vendor/laravel/framework/src/Illuminate/Pipeline/Pipeline.php(219): Illuminate\\Http\\Middleware\\HandleCors->handle()
#41 /home/u910898544/domains/fiinway.in/public_html/vendor/laravel/framework/src/Illuminate/Http/Middleware/TrustProxies.php(58): Illuminate\\Pipeline\\Pipeline->Illuminate\\Pipeline\\{closure}()
#42 /home/u910898544/domains/fiinway.in/public_html/vendor/laravel/framework/src/Illuminate/Pipeline/Pipeline.php(219): Illuminate\\Http\\Middleware\\TrustProxies->handle()
#43 /home/u910898544/domains/fiinway.in/public_html/vendor/laravel/framework/src/Illuminate/Foundation/Http/Middleware/InvokeDeferredCallbacks.php(22): Illuminate\\Pipeline\\Pipeline->Illuminate\\Pipeline\\{closure}()
#44 /home/u910898544/domains/fiinway.in/public_html/vendor/laravel/framework/src/Illuminate/Pipeline/Pipeline.php(219): Illuminate\\Foundation\\Http\\Middleware\\InvokeDeferredCallbacks->handle()
#45 /home/u910898544/domains/fiinway.in/public_html/vendor/laravel/framework/src/Illuminate/Http/Middleware/ValidatePathEncoding.php(28): Illuminate\\Pipeline\\Pipeline->Illuminate\\Pipeline\\{closure}()
#46 /home/u910898544/domains/fiinway.in/public_html/vendor/laravel/framework/src/Illuminate/Pipeline/Pipeline.php(219): Illuminate\\Http\\Middleware\\ValidatePathEncoding->handle()
#47 /home/u910898544/domains/fiinway.in/public_html/vendor/laravel/framework/src/Illuminate/Pipeline/Pipeline.php(137): Illuminate\\Pipeline\\Pipeline->Illuminate\\Pipeline\\{closure}()
#48 /home/u910898544/domains/fiinway.in/public_html/vendor/laravel/framework/src/Illuminate/Foundation/Http/Kernel.php(175): Illuminate\\Pipeline\\Pipeline->then()
#49 /home/u910898544/domains/fiinway.in/public_html/vendor/laravel/framework/src/Illuminate/Foundation/Http/Kernel.php(144): Illuminate\\Foundation\\Http\\Kernel->sendRequestThroughRouter()
#50 /home/u910898544/domains/fiinway.in/public_html/vendor/laravel/framework/src/Illuminate/Foundation/Application.php(1227): Illuminate\\Foundation\\Http\\Kernel->handle()
#51 /home/u910898544/domains/fiinway.in/public_html/public/index.php(20): Illuminate\\Foundation\\Application->handleRequest()
#52 {main}
"} 
[2026-09-04 09:18:38] production.ERROR: Attempt to read property "email" on null {"userId":108,"exception":"[object] (ErrorException(code: 0): Attempt to read property \"email\" on null at /home/u910898544/domains/fiinway.in/public_html/app/Http/Controllers/Buyer/OrderController.php:542)
[stacktrace]
#0 /home/u910898544/domains/fiinway.in/public_html/vendor/laravel/framework/src/Illuminate/Foundation/Bootstrap/HandleExceptions.php(263): Illuminate\\Foundation\\Bootstrap\\HandleExceptions->handleError()
#1 /home/u910898544/domains/fiinway.in/public_html/app/Http/Controllers/Buyer/OrderController.php(542): Illuminate\\Foundation\\Bootstrap\\HandleExceptions->Illuminate\\Foundation\\Bootstrap\\{closure}()
#2 /home/u910898544/domains/fiinway.in/public_html/vendor/laravel/framework/src/Illuminate/Routing/ControllerDispatcher.php(46): App\\Http\\Controllers\\Buyer\\OrderController->initiateHubPayment()
#3 /home/u910898544/domains/fiinway.in/public_html/vendor/laravel/framework/src/Illuminate/Routing/Route.php(276): Illuminate\\Routing\\ControllerDispatcher->dispatch()
#4 /home/u910898544/domains/fiinway.in/public_html/vendor/laravel/framework/src/Illuminate/Routing/Route.php(216): Illuminate\\Routing\\Route->runController()
#5 /home/u910898544/domains/fiinway.in/public_html/vendor/laravel/framework/src/Illuminate/Routing/Router.php(822): Illuminate\\Routing\\Route->run()
#6 /home/u910898544/domains/fiinway.in/public_html/vendor/laravel/framework/src/Illuminate/Pipeline/Pipeline.php(180): Illuminate\\Routing\\Router->Illuminate\\Routing\\{closure}()
#7 /home/u910898544/domains/fiinway.in/public_html/vendor/laravel/framework/src/Illuminate/Routing/Middleware/SubstituteBindings.php(52): Illuminate\\Pipeline\\Pipeline->Illuminate\\Pipeline\\{closure}()
#8 /home/u910898544/domains/fiinway.in/public_html/vendor/laravel/framework/src/Illuminate/Pipeline/Pipeline.php(219): Illuminate\\Routing\\Middleware\\SubstituteBindings->handle()
#9 /home/u910898544/domains/fiinway.in/public_html/vendor/laravel/framework/src/Illuminate/Auth/Middleware/Authenticate.php(63): Illuminate\\Pipeline\\Pipeline->Illuminate\\Pipeline\\{closure}()
#10 /home/u910898544/domains/fiinway.in/public_html/vendor/laravel/framework/src/Illuminate/Pipeline/Pipeline.php(219): Illuminate\\Auth\\Middleware\\Authenticate->handle()
#11 /home/u910898544/domains/fiinway.in/public_html/vendor/laravel/framework/src/Illuminate/Foundation/Http/Middleware/PreventRequestForgery.php(104): Illuminate\\Pipeline\\Pipeline->Illuminate\\Pipeline\\{closure}()
#12 /home/u910898544/domains/fiinway.in/public_html/vendor/laravel/framework/src/Illuminate/Pipeline/Pipeline.php(219): Illuminate\\Foundation\\Http\\Middleware\\PreventRequestForgery->handle()
#13 /home/u910898544/domains/fiinway.in/public_html/vendor/laravel/framework/src/Illuminate/View/Middleware/ShareErrorsFromSession.php(48): Illuminate\\Pipeline\\Pipeline->Illuminate\\Pipeline\\{closure}()
#14 /home/u910898544/domains/fiinway.in/public_html/vendor/laravel/framework/src/Illuminate/Pipeline/Pipeline.php(219): Illuminate\\View\\Middleware\\ShareErrorsFromSession->handle()
#15 /home/u910898544/domains/fiinway.in/public_html/vendor/laravel/framework/src/Illuminate/Session/Middleware/StartSession.php(120): Illuminate\\Pipeline\\Pipeline->Illuminate\\Pipeline\\{closure}()
#16 /home/u910898544/domains/fiinway.in/public_html/vendor/laravel/framework/src/Illuminate/Session/Middleware/StartSession.php(63): Illuminate\\Session\\Middleware\\StartSession->handleStatefulRequest()
#17 /home/u910898544/domains/fiinway.in/public_html/vendor/laravel/framework/src/Illuminate/Pipeline/Pipeline.php(219): Illuminate\\Session\\Middleware\\StartSession->handle()
#18 /home/u910898544/domains/fiinway.in/public_html/vendor/laravel/framework/src/Illuminate/Cookie/Middleware/AddQueuedCookiesToResponse.php(36): Illuminate\\Pipeline\\Pipeline->Illuminate\\Pipeline\\{closure}()
#19 /home/u910898544/domains/fiinway.in/public_html/vendor/laravel/framework/src/Illuminate/Pipeline/Pipeline.php(219): Illuminate\\Cookie\\Middleware\\AddQueuedCookiesToResponse->handle()
#20 /home/u910898544/domains/fiinway.in/public_html/vendor/laravel/framework/src/Illuminate/Cookie/Middleware/EncryptCookies.php(74): Illuminate\\Pipeline\\Pipeline->Illuminate\\Pipeline\\{closure}()
#21 /home/u910898544/domains/fiinway.in/public_html/vendor/laravel/framework/src/Illuminate/Pipeline/Pipeline.php(219): Illuminate\\Cookie\\Middleware\\EncryptCookies->handle()
#22 /home/u910898544/domains/fiinway.in/public_html/vendor/laravel/framework/src/Illuminate/Pipeline/Pipeline.php(137): Illuminate\\Pipeline\\Pipeline->Illuminate\\Pipeline\\{closure}()
#23 /home/u910898544/domains/fiinway.in/public_html/vendor/laravel/framework/src/Illuminate/Routing/Router.php(821): Illuminate\\Pipeline\\Pipeline->then()
#24 /home/u910898544/domains/fiinway.in/public_html/vendor/laravel/framework/src/Illuminate/Routing/Router.php(800): Illuminate\\Routing\\Router->runRouteWithinStack()
#25 /home/u910898544/domains/fiinway.in/public_html/vendor/laravel/framework/src/Illuminate/Routing/Router.php(764): Illuminate\\Routing\\Router->runRoute()
#26 /home/u910898544/domains/fiinway.in/public_html/vendor/laravel/framework/src/Illuminate/Routing/Router.php(753): Illuminate\\Routing\\Router->dispatchToRoute()
#27 /home/u910898544/domains/fiinway.in/public_html/vendor/laravel/framework/src/Illuminate/Foundation/Http/Kernel.php(200): Illuminate\\Routing\\Router->dispatch()
#28 /home/u910898544/domains/fiinway.in/public_html/vendor/laravel/framework/src/Illuminate/Pipeline/Pipeline.php(180): Illuminate\\Foundation\\Http\\Kernel->Illuminate\\Foundation\\Http\\{closure}()
#29 /home/u910898544/domains/fiinway.in/public_html/vendor/laravel/framework/src/Illuminate/Foundation/Http/Middleware/TransformsRequest.php(21): Illuminate\\Pipeline\\Pipeline->Illuminate\\Pipeline\\{closure}()
#30 /home/u910898544/domains/fiinway.in/public_html/vendor/laravel/framework/src/Illuminate/Foundation/Http/Middleware/ConvertEmptyStringsToNull.php(31): Illuminate\\Foundation\\Http\\Middleware\\TransformsRequest->handle()
#31 /home/u910898544/domains/fiinway.in/public_html/vendor/laravel/framework/src/Illuminate/Pipeline/Pipeline.php(219): Illuminate\\Foundation\\Http\\Middleware\\ConvertEmptyStringsToNull->handle()
#32 /home/u910898544/domains/fiinway.in/public_html/vendor/laravel/framework/src/Illuminate/Foundation/Http/Middleware/TransformsRequest.php(21): Illuminate\\Pipeline\\Pipeline->Illuminate\\Pipeline\\{closure}()
#33 /home/u910898544/domains/fiinway.in/public_html/vendor/laravel/framework/src/Illuminate/Foundation/Http/Middleware/TrimStrings.php(51): Illuminate\\Foundation\\Http\\Middleware\\TransformsRequest->handle()
#34 /home/u910898544/domains/fiinway.in/public_html/vendor/laravel/framework/src/Illuminate/Pipeline/Pipeline.php(219): Illuminate\\Foundation\\Http\\Middleware\\TrimStrings->handle()
#35 /home/u910898544/domains/fiinway.in/public_html/vendor/laravel/framework/src/Illuminate/Http/Middleware/ValidatePostSize.php(27): Illuminate\\Pipeline\\Pipeline->Illuminate\\Pipeline\\{closure}()
#36 /home/u910898544/domains/fiinway.in/public_html/vendor/laravel/framework/src/Illuminate/Pipeline/Pipeline.php(219): Illuminate\\Http\\Middleware\\ValidatePostSize->handle()
#37 /home/u910898544/domains/fiinway.in/public_html/vendor/laravel/framework/src/Illuminate/Foundation/Http/Middleware/PreventRequestsDuringMaintenance.php(110): Illuminate\\Pipeline\\Pipeline->Illuminate\\Pipeline\\{closure}()
#38 /home/u910898544/domains/fiinway.in/public_html/vendor/laravel/framework/src/Illuminate/Pipeline/Pipeline.php(219): Illuminate\\Foundation\\Http\\Middleware\\PreventRequestsDuringMaintenance->handle()
#39 /home/u910898544/domains/fiinway.in/public_html/vendor/laravel/framework/src/Illuminate/Http/Middleware/HandleCors.php(61): Illuminate\\Pipeline\\Pipeline->Illuminate\\Pipeline\\{closure}()
#40 /home/u910898544/domains/fiinway.in/public_html/vendor/laravel/framework/src/Illuminate/Pipeline/Pipeline.php(219): Illuminate\\Http\\Middleware\\HandleCors->handle()
#41 /home/u910898544/domains/fiinway.in/public_html/vendor/laravel/framework/src/Illuminate/Http/Middleware/TrustProxies.php(58): Illuminate\\Pipeline\\Pipeline->Illuminate\\Pipeline\\{closure}()
#42 /home/u910898544/domains/fiinway.in/public_html/vendor/laravel/framework/src/Illuminate/Pipeline/Pipeline.php(219): Illuminate\\Http\\Middleware\\TrustProxies->handle()
#43 /home/u910898544/domains/fiinway.in/public_html/vendor/laravel/framework/src/Illuminate/Foundation/Http/Middleware/InvokeDeferredCallbacks.php(22): Illuminate\\Pipeline\\Pipeline->Illuminate\\Pipeline\\{closure}()
#44 /home/u910898544/domains/fiinway.in/public_html/vendor/laravel/framework/src/Illuminate/Pipeline/Pipeline.php(219): Illuminate\\Foundation\\Http\\Middleware\\InvokeDeferredCallbacks->handle()
#45 /home/u910898544/domains/fiinway.in/public_html/vendor/laravel/framework/src/Illuminate/Http/Middleware/ValidatePathEncoding.php(28): Illuminate\\Pipeline\\Pipeline->Illuminate\\Pipeline\\{closure}()
#46 /home/u910898544/domains/fiinway.in/public_html/vendor/laravel/framework/src/Illuminate/Pipeline/Pipeline.php(219): Illuminate\\Http\\Middleware\\ValidatePathEncoding->handle()
#47 /home/u910898544/domains/fiinway.in/public_html/vendor/laravel/framework/src/Illuminate/Pipeline/Pipeline.php(137): Illuminate\\Pipeline\\Pipeline->Illuminate\\Pipeline\\{closure}()
#48 /home/u910898544/domains/fiinway.in/public_html/vendor/laravel/framework/src/Illuminate/Foundation/Http/Kernel.php(175): Illuminate\\Pipeline\\Pipeline->then()
#49 /home/u910898544/domains/fiinway.in/public_html/vendor/laravel/framework/src/Illuminate/Foundation/Http/Kernel.php(144): Illuminate\\Foundation\\Http\\Kernel->sendRequestThroughRouter()
#50 /home/u910898544/domains/fiinway.in/public_html/vendor/laravel/framework/src/Illuminate/Foundation/Application.php(1227): Illuminate\\Foundation\\Http\\Kernel->handle()
#51 /home/u910898544/domains/fiinway.in/public_html/public/index.php(20): Illuminate\\Foundation\\Application->handleRequest()
#52 {main}
"} 
[2026-09-04 09:19:55] production.ERROR: Attempt to read property "email" on null {"userId":108,"exception":"[object] (ErrorException(code: 0): Attempt to read property \"email\" on null at /home/u910898544/domains/fiinway.in/public_html/app/Http/Controllers/Buyer/OrderController.php:542)
[stacktrace]
#0 /home/u910898544/domains/fiinway.in/public_html/vendor/laravel/framework/src/Illuminate/Foundation/Bootstrap/HandleExceptions.php(263): Illuminate\\Foundation\\Bootstrap\\HandleExceptions->handleError()
#1 /home/u910898544/domains/fiinway.in/public_html/app/Http/Controllers/Buyer/OrderController.php(542): Illuminate\\Foundation\\Bootstrap\\HandleExceptions->Illuminate\\Foundation\\Bootstrap\\{closure}()
#2 /home/u910898544/domains/fiinway.in/public_html/vendor/laravel/framework/src/Illuminate/Routing/ControllerDispatcher.php(46): App\\Http\\Controllers\\Buyer\\OrderController->initiateHubPayment()
#3 /home/u910898544/domains/fiinway.in/public_html/vendor/laravel/framework/src/Illuminate/Routing/Route.php(276): Illuminate\\Routing\\ControllerDispatcher->dispatch()
#4 /home/u910898544/domains/fiinway.in/public_html/vendor/laravel/framework/src/Illuminate/Routing/Route.php(216): Illuminate\\Routing\\Route->runController()
#5 /home/u910898544/domains/fiinway.in/public_html/vendor/laravel/framework/src/Illuminate/Routing/Router.php(822): Illuminate\\Routing\\Route->run()
#6 /home/u910898544/domains/fiinway.in/public_html/vendor/laravel/framework/src/Illuminate/Pipeline/Pipeline.php(180): Illuminate\\Routing\\Router->Illuminate\\Routing\\{closure}()
#7 /home/u910898544/domains/fiinway.in/public_html/vendor/laravel/framework/src/Illuminate/Routing/Middleware/SubstituteBindings.php(52): Illuminate\\Pipeline\\Pipeline->Illuminate\\Pipeline\\{closure}()
#8 /home/u910898544/domains/fiinway.in/public_html/vendor/laravel/framework/src/Illuminate/Pipeline/Pipeline.php(219): Illuminate\\Routing\\Middleware\\SubstituteBindings->handle()
#9 /home/u910898544/domains/fiinway.in/public_html/vendor/laravel/framework/src/Illuminate/Auth/Middleware/Authenticate.php(63): Illuminate\\Pipeline\\Pipeline->Illuminate\\Pipeline\\{closure}()
#10 /home/u910898544/domains/fiinway.in/public_html/vendor/laravel/framework/src/Illuminate/Pipeline/Pipeline.php(219): Illuminate\\Auth\\Middleware\\Authenticate->handle()
#11 /home/u910898544/domains/fiinway.in/public_html/vendor/laravel/framework/src/Illuminate/Foundation/Http/Middleware/PreventRequestForgery.php(104): Illuminate\\Pipeline\\Pipeline->Illuminate\\Pipeline\\{closure}()
#12 /home/u910898544/domains/fiinway.in/public_html/vendor/laravel/framework/src/Illuminate/Pipeline/Pipeline.php(219): Illuminate\\Foundation\\Http\\Middleware\\PreventRequestForgery->handle()
#13 /home/u910898544/domains/fiinway.in/public_html/vendor/laravel/framework/src/Illuminate/View/Middleware/ShareErrorsFromSession.php(48): Illuminate\\Pipeline\\Pipeline->Illuminate\\Pipeline\\{closure}()
#14 /home/u910898544/domains/fiinway.in/public_html/vendor/laravel/framework/src/Illuminate/Pipeline/Pipeline.php(219): Illuminate\\View\\Middleware\\ShareErrorsFromSession->handle()
#15 /home/u910898544/domains/fiinway.in/public_html/vendor/laravel/framework/src/Illuminate/Session/Middleware/StartSession.php(120): Illuminate\\Pipeline\\Pipeline->Illuminate\\Pipeline\\{closure}()
#16 /home/u910898544/domains/fiinway.in/public_html/vendor/laravel/framework/src/Illuminate/Session/Middleware/StartSession.php(63): Illuminate\\Session\\Middleware\\StartSession->handleStatefulRequest()
#17 /home/u910898544/domains/fiinway.in/public_html/vendor/laravel/framework/src/Illuminate/Pipeline/Pipeline.php(219): Illuminate\\Session\\Middleware\\StartSession->handle()
#18 /home/u910898544/domains/fiinway.in/public_html/vendor/laravel/framework/src/Illuminate/Cookie/Middleware/AddQueuedCookiesToResponse.php(36): Illuminate\\Pipeline\\Pipeline->Illuminate\\Pipeline\\{closure}()
#19 /home/u910898544/domains/fiinway.in/public_html/vendor/laravel/framework/src/Illuminate/Pipeline/Pipeline.php(219): Illuminate\\Cookie\\Middleware\\AddQueuedCookiesToResponse->handle()
#20 /home/u910898544/domains/fiinway.in/public_html/vendor/laravel/framework/src/Illuminate/Cookie/Middleware/EncryptCookies.php(74): Illuminate\\Pipeline\\Pipeline->Illuminate\\Pipeline\\{closure}()
#21 /home/u910898544/domains/fiinway.in/public_html/vendor/laravel/framework/src/Illuminate/Pipeline/Pipeline.php(219): Illuminate\\Cookie\\Middleware\\EncryptCookies->handle()
#22 /home/u910898544/domains/fiinway.in/public_html/vendor/laravel/framework/src/Illuminate/Pipeline/Pipeline.php(137): Illuminate\\Pipeline\\Pipeline->Illuminate\\Pipeline\\{closure}()
#23 /home/u910898544/domains/fiinway.in/public_html/vendor/laravel/framework/src/Illuminate/Routing/Router.php(821): Illuminate\\Pipeline\\Pipeline->then()
#24 /home/u910898544/domains/fiinway.in/public_html/vendor/laravel/framework/src/Illuminate/Routing/Router.php(800): Illuminate\\Routing\\Router->runRouteWithinStack()
#25 /home/u910898544/domains/fiinway.in/public_html/vendor/laravel/framework/src/Illuminate/Routing/Router.php(764): Illuminate\\Routing\\Router->runRoute()
#26 /home/u910898544/domains/fiinway.in/public_html/vendor/laravel/framework/src/Illuminate/Routing/Router.php(753): Illuminate\\Routing\\Router->dispatchToRoute()
#27 /home/u910898544/domains/fiinway.in/public_html/vendor/laravel/framework/src/Illuminate/Foundation/Http/Kernel.php(200): Illuminate\\Routing\\Router->dispatch()
#28 /home/u910898544/domains/fiinway.in/public_html/vendor/laravel/framework/src/Illuminate/Pipeline/Pipeline.php(180): Illuminate\\Foundation\\Http\\Kernel->Illuminate\\Foundation\\Http\\{closure}()
#29 /home/u910898544/domains/fiinway.in/public_html/vendor/laravel/framework/src/Illuminate/Foundation/Http/Middleware/TransformsRequest.php(21): Illuminate\\Pipeline\\Pipeline->Illuminate\\Pipeline\\{closure}()
#30 /home/u910898544/domains/fiinway.in/public_html/vendor/laravel/framework/src/Illuminate/Foundation/Http/Middleware/ConvertEmptyStringsToNull.php(31): Illuminate\\Foundation\\Http\\Middleware\\TransformsRequest->handle()
#31 /home/u910898544/domains/fiinway.in/public_html/vendor/laravel/framework/src/Illuminate/Pipeline/Pipeline.php(219): Illuminate\\Foundation\\Http\\Middleware\\ConvertEmptyStringsToNull->handle()
#32 /home/u910898544/domains/fiinway.in/public_html/vendor/laravel/framework/src/Illuminate/Foundation/Http/Middleware/TransformsRequest.php(21): Illuminate\\Pipeline\\Pipeline->Illuminate\\Pipeline\\{closure}()
#33 /home/u910898544/domains/fiinway.in/public_html/vendor/laravel/framework/src/Illuminate/Foundation/Http/Middleware/TrimStrings.php(51): Illuminate\\Foundation\\Http\\Middleware\\TransformsRequest->handle()
#34 /home/u910898544/domains/fiinway.in/public_html/vendor/laravel/framework/src/Illuminate/Pipeline/Pipeline.php(219): Illuminate\\Foundation\\Http\\Middleware\\TrimStrings->handle()
#35 /home/u910898544/domains/fiinway.in/public_html/vendor/laravel/framework/src/Illuminate/Http/Middleware/ValidatePostSize.php(27): Illuminate\\Pipeline\\Pipeline->Illuminate\\Pipeline\\{closure}()
#36 /home/u910898544/domains/fiinway.in/public_html/vendor/laravel/framework/src/Illuminate/Pipeline/Pipeline.php(219): Illuminate\\Http\\Middleware\\ValidatePostSize->handle()
#37 /home/u910898544/domains/fiinway.in/public_html/vendor/laravel/framework/src/Illuminate/Foundation/Http/Middleware/PreventRequestsDuringMaintenance.php(110): Illuminate\\Pipeline\\Pipeline->Illuminate\\Pipeline\\{closure}()
#38 /home/u910898544/domains/fiinway.in/public_html/vendor/laravel/framework/src/Illuminate/Pipeline/Pipeline.php(219): Illuminate\\Foundation\\Http\\Middleware\\PreventRequestsDuringMaintenance->handle()
#39 /home/u910898544/domains/fiinway.in/public_html/vendor/laravel/framework/src/Illuminate/Http/Middleware/HandleCors.php(61): Illuminate\\Pipeline\\Pipeline->Illuminate\\Pipeline\\{closure}()
#40 /home/u910898544/domains/fiinway.in/public_html/vendor/laravel/framework/src/Illuminate/Pipeline/Pipeline.php(219): Illuminate\\Http\\Middleware\\HandleCors->handle()
#41 /home/u910898544/domains/fiinway.in/public_html/vendor/laravel/framework/src/Illuminate/Http/Middleware/TrustProxies.php(58): Illuminate\\Pipeline\\Pipeline->Illuminate\\Pipeline\\{closure}()
#42 /home/u910898544/domains/fiinway.in/public_html/vendor/laravel/framework/src/Illuminate/Pipeline/Pipeline.php(219): Illuminate\\Http\\Middleware\\TrustProxies->handle()
#43 /home/u910898544/domains/fiinway.in/public_html/vendor/laravel/framework/src/Illuminate/Foundation/Http/Middleware/InvokeDeferredCallbacks.php(22): Illuminate\\Pipeline\\Pipeline->Illuminate\\Pipeline\\{closure}()
#44 /home/u910898544/domains/fiinway.in/public_html/vendor/laravel/framework/src/Illuminate/Pipeline/Pipeline.php(219): Illuminate\\Foundation\\Http\\Middleware\\InvokeDeferredCallbacks->handle()
#45 /home/u910898544/domains/fiinway.in/public_html/vendor/laravel/framework/src/Illuminate/Http/Middleware/ValidatePathEncoding.php(28): Illuminate\\Pipeline\\Pipeline->Illuminate\\Pipeline\\{closure}()
#46 /home/u910898544/domains/fiinway.in/public_html/vendor/laravel/framework/src/Illuminate/Pipeline/Pipeline.php(219): Illuminate\\Http\\Middleware\\ValidatePathEncoding->handle()
#47 /home/u910898544/domains/fiinway.in/public_html/vendor/laravel/framework/src/Illuminate/Pipeline/Pipeline.php(137): Illuminate\\Pipeline\\Pipeline->Illuminate\\Pipeline\\{closure}()
#48 /home/u910898544/domains/fiinway.in/public_html/vendor/laravel/framework/src/Illuminate/Foundation/Http/Kernel.php(175): Illuminate\\Pipeline\\Pipeline->then()
#49 /home/u910898544/domains/fiinway.in/public_html/vendor/laravel/framework/src/Illuminate/Foundation/Http/Kernel.php(144): Illuminate\\Foundation\\Http\\Kernel->sendRequestThroughRouter()
#50 /home/u910898544/domains/fiinway.in/public_html/vendor/laravel/framework/src/Illuminate/Foundation/Application.php(1227): Illuminate\\Foundation\\Http\\Kernel->handle()
#51 /home/u910898544/domains/fiinway.in/public_html/public/index.php(20): Illuminate\\Foundation\\Application->handleRequest()
#52 {main}
"} 
[2026-09-04 09:20:07] production.ERROR: Attempt to read property "email" on null {"userId":111,"exception":"[object] (ErrorException(code: 0): Attempt to read property \"email\" on null at /home/u910898544/domains/fiinway.in/public_html/app/Http/Controllers/Buyer/OrderController.php:542)
[stacktrace]
#0 /home/u910898544/domains/fiinway.in/public_html/vendor/laravel/framework/src/Illuminate/Foundation/Bootstrap/HandleExceptions.php(263): Illuminate\\Foundation\\Bootstrap\\HandleExceptions->handleError()
#1 /home/u910898544/domains/fiinway.in/public_html/app/Http/Controllers/Buyer/OrderController.php(542): Illuminate\\Foundation\\Bootstrap\\HandleExceptions->Illuminate\\Foundation\\Bootstrap\\{closure}()
#2 /home/u910898544/domains/fiinway.in/public_html/vendor/laravel/framework/src/Illuminate/Routing/ControllerDispatcher.php(46): App\\Http\\Controllers\\Buyer\\OrderController->initiateHubPayment()
#3 /home/u910898544/domains/fiinway.in/public_html/vendor/laravel/framework/src/Illuminate/Routing/Route.php(276): Illuminate\\Routing\\ControllerDispatcher->dispatch()
#4 /home/u910898544/domains/fiinway.in/public_html/vendor/laravel/framework/src/Illuminate/Routing/Route.php(216): Illuminate\\Routing\\Route->runController()
#5 /home/u910898544/domains/fiinway.in/public_html/vendor/laravel/framework/src/Illuminate/Routing/Router.php(822): Illuminate\\Routing\\Route->run()
#6 /home/u910898544/domains/fiinway.in/public_html/vendor/laravel/framework/src/Illuminate/Pipeline/Pipeline.php(180): Illuminate\\Routing\\Router->Illuminate\\Routing\\{closure}()
#7 /home/u910898544/domains/fiinway.in/public_html/vendor/laravel/framework/src/Illuminate/Routing/Middleware/SubstituteBindings.php(52): Illuminate\\Pipeline\\Pipeline->Illuminate\\Pipeline\\{closure}()
#8 /home/u910898544/domains/fiinway.in/public_html/vendor/laravel/framework/src/Illuminate/Pipeline/Pipeline.php(219): Illuminate\\Routing\\Middleware\\SubstituteBindings->handle()
#9 /home/u910898544/domains/fiinway.in/public_html/vendor/laravel/framework/src/Illuminate/Auth/Middleware/Authenticate.php(63): Illuminate\\Pipeline\\Pipeline->Illuminate\\Pipeline\\{closure}()
#10 /home/u910898544/domains/fiinway.in/public_html/vendor/laravel/framework/src/Illuminate/Pipeline/Pipeline.php(219): Illuminate\\Auth\\Middleware\\Authenticate->handle()
#11 /home/u910898544/domains/fiinway.in/public_html/vendor/laravel/framework/src/Illuminate/Foundation/Http/Middleware/PreventRequestForgery.php(104): Illuminate\\Pipeline\\Pipeline->Illuminate\\Pipeline\\{closure}()
#12 /home/u910898544/domains/fiinway.in/public_html/vendor/laravel/framework/src/Illuminate/Pipeline/Pipeline.php(219): Illuminate\\Foundation\\Http\\Middleware\\PreventRequestForgery->handle()
#13 /home/u910898544/domains/fiinway.in/public_html/vendor/laravel/framework/src/Illuminate/View/Middleware/ShareErrorsFromSession.php(48): Illuminate\\Pipeline\\Pipeline->Illuminate\\Pipeline\\{closure}()
#14 /home/u910898544/domains/fiinway.in/public_html/vendor/laravel/framework/src/Illuminate/Pipeline/Pipeline.php(219): Illuminate\\View\\Middleware\\ShareErrorsFromSession->handle()
#15 /home/u910898544/domains/fiinway.in/public_html/vendor/laravel/framework/src/Illuminate/Session/Middleware/StartSession.php(120): Illuminate\\Pipeline\\Pipeline->Illuminate\\Pipeline\\{closure}()
#16 /home/u910898544/domains/fiinway.in/public_html/vendor/laravel/framework/src/Illuminate/Session/Middleware/StartSession.php(63): Illuminate\\Session\\Middleware\\StartSession->handleStatefulRequest()
#17 /home/u910898544/domains/fiinway.in/public_html/vendor/laravel/framework/src/Illuminate/Pipeline/Pipeline.php(219): Illuminate\\Session\\Middleware\\StartSession->handle()
#18 /home/u910898544/domains/fiinway.in/public_html/vendor/laravel/framework/src/Illuminate/Cookie/Middleware/AddQueuedCookiesToResponse.php(36): Illuminate\\Pipeline\\Pipeline->Illuminate\\Pipeline\\{closure}()
#19 /home/u910898544/domains/fiinway.in/public_html/vendor/laravel/framework/src/Illuminate/Pipeline/Pipeline.php(219): Illuminate\\Cookie\\Middleware\\AddQueuedCookiesToResponse->handle()
#20 /home/u910898544/domains/fiinway.in/public_html/vendor/laravel/framework/src/Illuminate/Cookie/Middleware/EncryptCookies.php(74): Illuminate\\Pipeline\\Pipeline->Illuminate\\Pipeline\\{closure}()
#21 /home/u910898544/domains/fiinway.in/public_html/vendor/laravel/framework/src/Illuminate/Pipeline/Pipeline.php(219): Illuminate\\Cookie\\Middleware\\EncryptCookies->handle()
#22 /home/u910898544/domains/fiinway.in/public_html/vendor/laravel/framework/src/Illuminate/Pipeline/Pipeline.php(137): Illuminate\\Pipeline\\Pipeline->Illuminate\\Pipeline\\{closure}()
#23 /home/u910898544/domains/fiinway.in/public_html/vendor/laravel/framework/src/Illuminate/Routing/Router.php(821): Illuminate\\Pipeline\\Pipeline->then()
#24 /home/u910898544/domains/fiinway.in/public_html/vendor/laravel/framework/src/Illuminate/Routing/Router.php(800): Illuminate\\Routing\\Router->runRouteWithinStack()
#25 /home/u910898544/domains/fiinway.in/public_html/vendor/laravel/framework/src/Illuminate/Routing/Router.php(764): Illuminate\\Routing\\Router->runRoute()
#26 /home/u910898544/domains/fiinway.in/public_html/vendor/laravel/framework/src/Illuminate/Routing/Router.php(753): Illuminate\\Routing\\Router->dispatchToRoute()
#27 /home/u910898544/domains/fiinway.in/public_html/vendor/laravel/framework/src/Illuminate/Foundation/Http/Kernel.php(200): Illuminate\\Routing\\Router->dispatch()
#28 /home/u910898544/domains/fiinway.in/public_html/vendor/laravel/framework/src/Illuminate/Pipeline/Pipeline.php(180): Illuminate\\Foundation\\Http\\Kernel->Illuminate\\Foundation\\Http\\{closure}()
#29 /home/u910898544/domains/fiinway.in/public_html/vendor/laravel/framework/src/Illuminate/Foundation/Http/Middleware/TransformsRequest.php(21): Illuminate\\Pipeline\\Pipeline->Illuminate\\Pipeline\\{closure}()
#30 /home/u910898544/domains/fiinway.in/public_html/vendor/laravel/framework/src/Illuminate/Foundation/Http/Middleware/ConvertEmptyStringsToNull.php(31): Illuminate\\Foundation\\Http\\Middleware\\TransformsRequest->handle()
#31 /home/u910898544/domains/fiinway.in/public_html/vendor/laravel/framework/src/Illuminate/Pipeline/Pipeline.php(219): Illuminate\\Foundation\\Http\\Middleware\\ConvertEmptyStringsToNull->handle()
#32 /home/u910898544/domains/fiinway.in/public_html/vendor/laravel/framework/src/Illuminate/Foundation/Http/Middleware/TransformsRequest.php(21): Illuminate\\Pipeline\\Pipeline->Illuminate\\Pipeline\\{closure}()
#33 /home/u910898544/domains/fiinway.in/public_html/vendor/laravel/framework/src/Illuminate/Foundation/Http/Middleware/TrimStrings.php(51): Illuminate\\Foundation\\Http\\Middleware\\TransformsRequest->handle()
#34 /home/u910898544/domains/fiinway.in/public_html/vendor/laravel/framework/src/Illuminate/Pipeline/Pipeline.php(219): Illuminate\\Foundation\\Http\\Middleware\\TrimStrings->handle()
#35 /home/u910898544/domains/fiinway.in/public_html/vendor/laravel/framework/src/Illuminate/Http/Middleware/ValidatePostSize.php(27): Illuminate\\Pipeline\\Pipeline->Illuminate\\Pipeline\\{closure}()
#36 /home/u910898544/domains/fiinway.in/public_html/vendor/laravel/framework/src/Illuminate/Pipeline/Pipeline.php(219): Illuminate\\Http\\Middleware\\ValidatePostSize->handle()
#37 /home/u910898544/domains/fiinway.in/public_html/vendor/laravel/framework/src/Illuminate/Foundation/Http/Middleware/PreventRequestsDuringMaintenance.php(110): Illuminate\\Pipeline\\Pipeline->Illuminate\\Pipeline\\{closure}()
#38 /home/u910898544/domains/fiinway.in/public_html/vendor/laravel/framework/src/Illuminate/Pipeline/Pipeline.php(219): Illuminate\\Foundation\\Http\\Middleware\\PreventRequestsDuringMaintenance->handle()
#39 /home/u910898544/domains/fiinway.in/public_html/vendor/laravel/framework/src/Illuminate/Http/Middleware/HandleCors.php(61): Illuminate\\Pipeline\\Pipeline->Illuminate\\Pipeline\\{closure}()
#40 /home/u910898544/domains/fiinway.in/public_html/vendor/laravel/framework/src/Illuminate/Pipeline/Pipeline.php(219): Illuminate\\Http\\Middleware\\HandleCors->handle()
#41 /home/u910898544/domains/fiinway.in/public_html/vendor/laravel/framework/src/Illuminate/Http/Middleware/TrustProxies.php(58): Illuminate\\Pipeline\\Pipeline->Illuminate\\Pipeline\\{closure}()
#42 /home/u910898544/domains/fiinway.in/public_html/vendor/laravel/framework/src/Illuminate/Pipeline/Pipeline.php(219): Illuminate\\Http\\Middleware\\TrustProxies->handle()
#43 /home/u910898544/domains/fiinway.in/public_html/vendor/laravel/framework/src/Illuminate/Foundation/Http/Middleware/InvokeDeferredCallbacks.php(22): Illuminate\\Pipeline\\Pipeline->Illuminate\\Pipeline\\{closure}()
#44 /home/u910898544/domains/fiinway.in/public_html/vendor/laravel/framework/src/Illuminate/Pipeline/Pipeline.php(219): Illuminate\\Foundation\\Http\\Middleware\\InvokeDeferredCallbacks->handle()
#45 /home/u910898544/domains/fiinway.in/public_html/vendor/laravel/framework/src/Illuminate/Http/Middleware/ValidatePathEncoding.php(28): Illuminate\\Pipeline\\Pipeline->Illuminate\\Pipeline\\{closure}()
#46 /home/u910898544/domains/fiinway.in/public_html/vendor/laravel/framework/src/Illuminate/Pipeline/Pipeline.php(219): Illuminate\\Http\\Middleware\\ValidatePathEncoding->handle()
#47 /home/u910898544/domains/fiinway.in/public_html/vendor/laravel/framework/src/Illuminate/Pipeline/Pipeline.php(137): Illuminate\\Pipeline\\Pipeline->Illuminate\\Pipeline\\{closure}()
#48 /home/u910898544/domains/fiinway.in/public_html/vendor/laravel/framework/src/Illuminate/Foundation/Http/Kernel.php(175): Illuminate\\Pipeline\\Pipeline->then()
#49 /home/u910898544/domains/fiinway.in/public_html/vendor/laravel/framework/src/Illuminate/Foundation/Http/Kernel.php(144): Illuminate\\Foundation\\Http\\Kernel->sendRequestThroughRouter()
#50 /home/u910898544/domains/fiinway.in/public_html/vendor/laravel/framework/src/Illuminate/Foundation/Application.php(1227): Illuminate\\Foundation\\Http\\Kernel->handle()
#51 /home/u910898544/domains/fiinway.in/public_html/public/index.php(20): Illuminate\\Foundation\\Application->handleRequest()
#52 {main}
"} 
[2026-09-04 09:20:13] production.ERROR: Attempt to read property "email" on null {"userId":111,"exception":"[object] (ErrorException(code: 0): Attempt to read property \"email\" on null at /home/u910898544/domains/fiinway.in/public_html/app/Http/Controllers/Buyer/OrderController.php:542)
[stacktrace]
#0 /home/u910898544/domains/fiinway.in/public_html/vendor/laravel/framework/src/Illuminate/Foundation/Bootstrap/HandleExceptions.php(263): Illuminate\\Foundation\\Bootstrap\\HandleExceptions->handleError()
#1 /home/u910898544/domains/fiinway.in/public_html/app/Http/Controllers/Buyer/OrderController.php(542): Illuminate\\Foundation\\Bootstrap\\HandleExceptions->Illuminate\\Foundation\\Bootstrap\\{closure}()
#2 /home/u910898544/domains/fiinway.in/public_html/vendor/laravel/framework/src/Illuminate/Routing/ControllerDispatcher.php(46): App\\Http\\Controllers\\Buyer\\OrderController->initiateHubPayment()
#3 /home/u910898544/domains/fiinway.in/public_html/vendor/laravel/framework/src/Illuminate/Routing/Route.php(276): Illuminate\\Routing\\ControllerDispatcher->dispatch()
#4 /home/u910898544/domains/fiinway.in/public_html/vendor/laravel/framework/src/Illuminate/Routing/Route.php(216): Illuminate\\Routing\\Route->runController()
#5 /home/u910898544/domains/fiinway.in/public_html/vendor/laravel/framework/src/Illuminate/Routing/Router.php(822): Illuminate\\Routing\\Route->run()
#6 /home/u910898544/domains/fiinway.in/public_html/vendor/laravel/framework/src/Illuminate/Pipeline/Pipeline.php(180): Illuminate\\Routing\\Router->Illuminate\\Routing\\{closure}()
#7 /home/u910898544/domains/fiinway.in/public_html/vendor/laravel/framework/src/Illuminate/Routing/Middleware/SubstituteBindings.php(52): Illuminate\\Pipeline\\Pipeline->Illuminate\\Pipeline\\{closure}()
#8 /home/u910898544/domains/fiinway.in/public_html/vendor/laravel/framework/src/Illuminate/Pipeline/Pipeline.php(219): Illuminate\\Routing\\Middleware\\SubstituteBindings->handle()
#9 /home/u910898544/domains/fiinway.in/public_html/vendor/laravel/framework/src/Illuminate/Auth/Middleware/Authenticate.php(63): Illuminate\\Pipeline\\Pipeline->Illuminate\\Pipeline\\{closure}()
#10 /home/u910898544/domains/fiinway.in/public_html/vendor/laravel/framework/src/Illuminate/Pipeline/Pipeline.php(219): Illuminate\\Auth\\Middleware\\Authenticate->handle()
#11 /home/u910898544/domains/fiinway.in/public_html/vendor/laravel/framework/src/Illuminate/Foundation/Http/Middleware/PreventRequestForgery.php(104): Illuminate\\Pipeline\\Pipeline->Illuminate\\Pipeline\\{closure}()
#12 /home/u910898544/domains/fiinway.in/public_html/vendor/laravel/framework/src/Illuminate/Pipeline/Pipeline.php(219): Illuminate\\Foundation\\Http\\Middleware\\PreventRequestForgery->handle()
#13 /home/u910898544/domains/fiinway.in/public_html/vendor/laravel/framework/src/Illuminate/View/Middleware/ShareErrorsFromSession.php(48): Illuminate\\Pipeline\\Pipeline->Illuminate\\Pipeline\\{closure}()
#14 /home/u910898544/domains/fiinway.in/public_html/vendor/laravel/framework/src/Illuminate/Pipeline/Pipeline.php(219): Illuminate\\View\\Middleware\\ShareErrorsFromSession->handle()
#15 /home/u910898544/domains/fiinway.in/public_html/vendor/laravel/framework/src/Illuminate/Session/Middleware/StartSession.php(120): Illuminate\\Pipeline\\Pipeline->Illuminate\\Pipeline\\{closure}()
#16 /home/u910898544/domains/fiinway.in/public_html/vendor/laravel/framework/src/Illuminate/Session/Middleware/StartSession.php(63): Illuminate\\Session\\Middleware\\StartSession->handleStatefulRequest()
#17 /home/u910898544/domains/fiinway.in/public_html/vendor/laravel/framework/src/Illuminate/Pipeline/Pipeline.php(219): Illuminate\\Session\\Middleware\\StartSession->handle()
#18 /home/u910898544/domains/fiinway.in/public_html/vendor/laravel/framework/src/Illuminate/Cookie/Middleware/AddQueuedCookiesToResponse.php(36): Illuminate\\Pipeline\\Pipeline->Illuminate\\Pipeline\\{closure}()
#19 /home/u910898544/domains/fiinway.in/public_html/vendor/laravel/framework/src/Illuminate/Pipeline/Pipeline.php(219): Illuminate\\Cookie\\Middleware\\AddQueuedCookiesToResponse->handle()
#20 /home/u910898544/domains/fiinway.in/public_html/vendor/laravel/framework/src/Illuminate/Cookie/Middleware/EncryptCookies.php(74): Illuminate\\Pipeline\\Pipeline->Illuminate\\Pipeline\\{closure}()
#21 /home/u910898544/domains/fiinway.in/public_html/vendor/laravel/framework/src/Illuminate/Pipeline/Pipeline.php(219): Illuminate\\Cookie\\Middleware\\EncryptCookies->handle()
#22 /home/u910898544/domains/fiinway.in/public_html/vendor/laravel/framework/src/Illuminate/Pipeline/Pipeline.php(137): Illuminate\\Pipeline\\Pipeline->Illuminate\\Pipeline\\{closure}()
#23 /home/u910898544/domains/fiinway.in/public_html/vendor/laravel/framework/src/Illuminate/Routing/Router.php(821): Illuminate\\Pipeline\\Pipeline->then()
#24 /home/u910898544/domains/fiinway.in/public_html/vendor/laravel/framework/src/Illuminate/Routing/Router.php(800): Illuminate\\Routing\\Router->runRouteWithinStack()
#25 /home/u910898544/domains/fiinway.in/public_html/vendor/laravel/framework/src/Illuminate/Routing/Router.php(764): Illuminate\\Routing\\Router->runRoute()
#26 /home/u910898544/domains/fiinway.in/public_html/vendor/laravel/framework/src/Illuminate/Routing/Router.php(753): Illuminate\\Routing\\Router->dispatchToRoute()
#27 /home/u910898544/domains/fiinway.in/public_html/vendor/laravel/framework/src/Illuminate/Foundation/Http/Kernel.php(200): Illuminate\\Routing\\Router->dispatch()
#28 /home/u910898544/domains/fiinway.in/public_html/vendor/laravel/framework/src/Illuminate/Pipeline/Pipeline.php(180): Illuminate\\Foundation\\Http\\Kernel->Illuminate\\Foundation\\Http\\{closure}()
#29 /home/u910898544/domains/fiinway.in/public_html/vendor/laravel/framework/src/Illuminate/Foundation/Http/Middleware/TransformsRequest.php(21): Illuminate\\Pipeline\\Pipeline->Illuminate\\Pipeline\\{closure}()
#30 /home/u910898544/domains/fiinway.in/public_html/vendor/laravel/framework/src/Illuminate/Foundation/Http/Middleware/ConvertEmptyStringsToNull.php(31): Illuminate\\Foundation\\Http\\Middleware\\TransformsRequest->handle()
#31 /home/u910898544/domains/fiinway.in/public_html/vendor/laravel/framework/src/Illuminate/Pipeline/Pipeline.php(219): Illuminate\\Foundation\\Http\\Middleware\\ConvertEmptyStringsToNull->handle()
#32 /home/u910898544/domains/fiinway.in/public_html/vendor/laravel/framework/src/Illuminate/Foundation/Http/Middleware/TransformsRequest.php(21): Illuminate\\Pipeline\\Pipeline->Illuminate\\Pipeline\\{closure}()
#33 /home/u910898544/domains/fiinway.in/public_html/vendor/laravel/framework/src/Illuminate/Foundation/Http/Middleware/TrimStrings.php(51): Illuminate\\Foundation\\Http\\Middleware\\TransformsRequest->handle()
#34 /home/u910898544/domains/fiinway.in/public_html/vendor/laravel/framework/src/Illuminate/Pipeline/Pipeline.php(219): Illuminate\\Foundation\\Http\\Middleware\\TrimStrings->handle()
#35 /home/u910898544/domains/fiinway.in/public_html/vendor/laravel/framework/src/Illuminate/Http/Middleware/ValidatePostSize.php(27): Illuminate\\Pipeline\\Pipeline->Illuminate\\Pipeline\\{closure}()
#36 /home/u910898544/domains/fiinway.in/public_html/vendor/laravel/framework/src/Illuminate/Pipeline/Pipeline.php(219): Illuminate\\Http\\Middleware\\ValidatePostSize->handle()
#37 /home/u910898544/domains/fiinway.in/public_html/vendor/laravel/framework/src/Illuminate/Foundation/Http/Middleware/PreventRequestsDuringMaintenance.php(110): Illuminate\\Pipeline\\Pipeline->Illuminate\\Pipeline\\{closure}()
#38 /home/u910898544/domains/fiinway.in/public_html/vendor/laravel/framework/src/Illuminate/Pipeline/Pipeline.php(219): Illuminate\\Foundation\\Http\\Middleware\\PreventRequestsDuringMaintenance->handle()
#39 /home/u910898544/domains/fiinway.in/public_html/vendor/laravel/framework/src/Illuminate/Http/Middleware/HandleCors.php(61): Illuminate\\Pipeline\\Pipeline->Illuminate\\Pipeline\\{closure}()
#40 /home/u910898544/domains/fiinway.in/public_html/vendor/laravel/framework/src/Illuminate/Pipeline/Pipeline.php(219): Illuminate\\Http\\Middleware\\HandleCors->handle()
#41 /home/u910898544/domains/fiinway.in/public_html/vendor/laravel/framework/src/Illuminate/Http/Middleware/TrustProxies.php(58): Illuminate\\Pipeline\\Pipeline->Illuminate\\Pipeline\\{closure}()
#42 /home/u910898544/domains/fiinway.in/public_html/vendor/laravel/framework/src/Illuminate/Pipeline/Pipeline.php(219): Illuminate\\Http\\Middleware\\TrustProxies->handle()
#43 /home/u910898544/domains/fiinway.in/public_html/vendor/laravel/framework/src/Illuminate/Foundation/Http/Middleware/InvokeDeferredCallbacks.php(22): Illuminate\\Pipeline\\Pipeline->Illuminate\\Pipeline\\{closure}()
#44 /home/u910898544/domains/fiinway.in/public_html/vendor/laravel/framework/src/Illuminate/Pipeline/Pipeline.php(219): Illuminate\\Foundation\\Http\\Middleware\\InvokeDeferredCallbacks->handle()
#45 /home/u910898544/domains/fiinway.in/public_html/vendor/laravel/framework/src/Illuminate/Http/Middleware/ValidatePathEncoding.php(28): Illuminate\\Pipeline\\Pipeline->Illuminate\\Pipeline\\{closure}()
#46 /home/u910898544/domains/fiinway.in/public_html/vendor/laravel/framework/src/Illuminate/Pipeline/Pipeline.php(219): Illuminate\\Http\\Middleware\\ValidatePathEncoding->handle()
#47 /home/u910898544/domains/fiinway.in/public_html/vendor/laravel/framework/src/Illuminate/Pipeline/Pipeline.php(137): Illuminate\\Pipeline\\Pipeline->Illuminate\\Pipeline\\{closure}()
#48 /home/u910898544/domains/fiinway.in/public_html/vendor/laravel/framework/src/Illuminate/Foundation/Http/Kernel.php(175): Illuminate\\Pipeline\\Pipeline->then()
#49 /home/u910898544/domains/fiinway.in/public_html/vendor/laravel/framework/src/Illuminate/Foundation/Http/Kernel.php(144): Illuminate\\Foundation\\Http\\Kernel->sendRequestThroughRouter()
#50 /home/u910898544/domains/fiinway.in/public_html/vendor/laravel/framework/src/Illuminate/Foundation/Application.php(1227): Illuminate\\Foundation\\Http\\Kernel->handle()
#51 /home/u910898544/domains/fiinway.in/public_html/public/index.php(20): Illuminate\\Foundation\\Application->handleRequest()
#52 {main}
"} 
[2026-09-04 09:20:16] production.ERROR: Attempt to read property "email" on null {"userId":111,"exception":"[object] (ErrorException(code: 0): Attempt to read property \"email\" on null at /home/u910898544/domains/fiinway.in/public_html/app/Http/Controllers/Buyer/OrderController.php:542)
[stacktrace]
#0 /home/u910898544/domains/fiinway.in/public_html/vendor/laravel/framework/src/Illuminate/Foundation/Bootstrap/HandleExceptions.php(263): Illuminate\\Foundation\\Bootstrap\\HandleExceptions->handleError()
#1 /home/u910898544/domains/fiinway.in/public_html/app/Http/Controllers/Buyer/OrderController.php(542): Illuminate\\Foundation\\Bootstrap\\HandleExceptions->Illuminate\\Foundation\\Bootstrap\\{closure}()
#2 /home/u910898544/domains/fiinway.in/public_html/vendor/laravel/framework/src/Illuminate/Routing/ControllerDispatcher.php(46): App\\Http\\Controllers\\Buyer\\OrderController->initiateHubPayment()
#3 /home/u910898544/domains/fiinway.in/public_html/vendor/laravel/framework/src/Illuminate/Routing/Route.php(276): Illuminate\\Routing\\ControllerDispatcher->dispatch()
#4 /home/u910898544/domains/fiinway.in/public_html/vendor/laravel/framework/src/Illuminate/Routing/Route.php(216): Illuminate\\Routing\\Route->runController()
#5 /home/u910898544/domains/fiinway.in/public_html/vendor/laravel/framework/src/Illuminate/Routing/Router.php(822): Illuminate\\Routing\\Route->run()
#6 /home/u910898544/domains/fiinway.in/public_html/vendor/laravel/framework/src/Illuminate/Pipeline/Pipeline.php(180): Illuminate\\Routing\\Router->Illuminate\\Routing\\{closure}()
#7 /home/u910898544/domains/fiinway.in/public_html/vendor/laravel/framework/src/Illuminate/Routing/Middleware/SubstituteBindings.php(52): Illuminate\\Pipeline\\Pipeline->Illuminate\\Pipeline\\{closure}()
#8 /home/u910898544/domains/fiinway.in/public_html/vendor/laravel/framework/src/Illuminate/Pipeline/Pipeline.php(219): Illuminate\\Routing\\Middleware\\SubstituteBindings->handle()
#9 /home/u910898544/domains/fiinway.in/public_html/vendor/laravel/framework/src/Illuminate/Auth/Middleware/Authenticate.php(63): Illuminate\\Pipeline\\Pipeline->Illuminate\\Pipeline\\{closure}()
#10 /home/u910898544/domains/fiinway.in/public_html/vendor/laravel/framework/src/Illuminate/Pipeline/Pipeline.php(219): Illuminate\\Auth\\Middleware\\Authenticate->handle()
#11 /home/u910898544/domains/fiinway.in/public_html/vendor/laravel/framework/src/Illuminate/Foundation/Http/Middleware/PreventRequestForgery.php(104): Illuminate\\Pipeline\\Pipeline->Illuminate\\Pipeline\\{closure}()
#12 /home/u910898544/domains/fiinway.in/public_html/vendor/laravel/framework/src/Illuminate/Pipeline/Pipeline.php(219): Illuminate\\Foundation\\Http\\Middleware\\PreventRequestForgery->handle()
#13 /home/u910898544/domains/fiinway.in/public_html/vendor/laravel/framework/src/Illuminate/View/Middleware/ShareErrorsFromSession.php(48): Illuminate\\Pipeline\\Pipeline->Illuminate\\Pipeline\\{closure}()
#14 /home/u910898544/domains/fiinway.in/public_html/vendor/laravel/framework/src/Illuminate/Pipeline/Pipeline.php(219): Illuminate\\View\\Middleware\\ShareErrorsFromSession->handle()
#15 /home/u910898544/domains/fiinway.in/public_html/vendor/laravel/framework/src/Illuminate/Session/Middleware/StartSession.php(120): Illuminate\\Pipeline\\Pipeline->Illuminate\\Pipeline\\{closure}()
#16 /home/u910898544/domains/fiinway.in/public_html/vendor/laravel/framework/src/Illuminate/Session/Middleware/StartSession.php(63): Illuminate\\Session\\Middleware\\StartSession->handleStatefulRequest()
#17 /home/u910898544/domains/fiinway.in/public_html/vendor/laravel/framework/src/Illuminate/Pipeline/Pipeline.php(219): Illuminate\\Session\\Middleware\\StartSession->handle()
#18 /home/u910898544/domains/fiinway.in/public_html/vendor/laravel/framework/src/Illuminate/Cookie/Middleware/AddQueuedCookiesToResponse.php(36): Illuminate\\Pipeline\\Pipeline->Illuminate\\Pipeline\\{closure}()
#19 /home/u910898544/domains/fiinway.in/public_html/vendor/laravel/framework/src/Illuminate/Pipeline/Pipeline.php(219): Illuminate\\Cookie\\Middleware\\AddQueuedCookiesToResponse->handle()
#20 /home/u910898544/domains/fiinway.in/public_html/vendor/laravel/framework/src/Illuminate/Cookie/Middleware/EncryptCookies.php(74): Illuminate\\Pipeline\\Pipeline->Illuminate\\Pipeline\\{closure}()
#21 /home/u910898544/domains/fiinway.in/public_html/vendor/laravel/framework/src/Illuminate/Pipeline/Pipeline.php(219): Illuminate\\Cookie\\Middleware\\EncryptCookies->handle()
#22 /home/u910898544/domains/fiinway.in/public_html/vendor/laravel/framework/src/Illuminate/Pipeline/Pipeline.php(137): Illuminate\\Pipeline\\Pipeline->Illuminate\\Pipeline\\{closure}()
#23 /home/u910898544/domains/fiinway.in/public_html/vendor/laravel/framework/src/Illuminate/Routing/Router.php(821): Illuminate\\Pipeline\\Pipeline->then()
#24 /home/u910898544/domains/fiinway.in/public_html/vendor/laravel/framework/src/Illuminate/Routing/Router.php(800): Illuminate\\Routing\\Router->runRouteWithinStack()
#25 /home/u910898544/domains/fiinway.in/public_html/vendor/laravel/framework/src/Illuminate/Routing/Router.php(764): Illuminate\\Routing\\Router->runRoute()
#26 /home/u910898544/domains/fiinway.in/public_html/vendor/laravel/framework/src/Illuminate/Routing/Router.php(753): Illuminate\\Routing\\Router->dispatchToRoute()
#27 /home/u910898544/domains/fiinway.in/public_html/vendor/laravel/framework/src/Illuminate/Foundation/Http/Kernel.php(200): Illuminate\\Routing\\Router->dispatch()
#28 /home/u910898544/domains/fiinway.in/public_html/vendor/laravel/framework/src/Illuminate/Pipeline/Pipeline.php(180): Illuminate\\Foundation\\Http\\Kernel->Illuminate\\Foundation\\Http\\{closure}()
#29 /home/u910898544/domains/fiinway.in/public_html/vendor/laravel/framework/src/Illuminate/Foundation/Http/Middleware/TransformsRequest.php(21): Illuminate\\Pipeline\\Pipeline->Illuminate\\Pipeline\\{closure}()
#30 /home/u910898544/domains/fiinway.in/public_html/vendor/laravel/framework/src/Illuminate/Foundation/Http/Middleware/ConvertEmptyStringsToNull.php(31): Illuminate\\Foundation\\Http\\Middleware\\TransformsRequest->handle()
#31 /home/u910898544/domains/fiinway.in/public_html/vendor/laravel/framework/src/Illuminate/Pipeline/Pipeline.php(219): Illuminate\\Foundation\\Http\\Middleware\\ConvertEmptyStringsToNull->handle()
#32 /home/u910898544/domains/fiinway.in/public_html/vendor/laravel/framework/src/Illuminate/Foundation/Http/Middleware/TransformsRequest.php(21): Illuminate\\Pipeline\\Pipeline->Illuminate\\Pipeline\\{closure}()
#33 /home/u910898544/domains/fiinway.in/public_html/vendor/laravel/framework/src/Illuminate/Foundation/Http/Middleware/TrimStrings.php(51): Illuminate\\Foundation\\Http\\Middleware\\TransformsRequest->handle()
#34 /home/u910898544/domains/fiinway.in/public_html/vendor/laravel/framework/src/Illuminate/Pipeline/Pipeline.php(219): Illuminate\\Foundation\\Http\\Middleware\\TrimStrings->handle()
#35 /home/u910898544/domains/fiinway.in/public_html/vendor/laravel/framework/src/Illuminate/Http/Middleware/ValidatePostSize.php(27): Illuminate\\Pipeline\\Pipeline->Illuminate\\Pipeline\\{closure}()
#36 /home/u910898544/domains/fiinway.in/public_html/vendor/laravel/framework/src/Illuminate/Pipeline/Pipeline.php(219): Illuminate\\Http\\Middleware\\ValidatePostSize->handle()
#37 /home/u910898544/domains/fiinway.in/public_html/vendor/laravel/framework/src/Illuminate/Foundation/Http/Middleware/PreventRequestsDuringMaintenance.php(110): Illuminate\\Pipeline\\Pipeline->Illuminate\\Pipeline\\{closure}()
#38 /home/u910898544/domains/fiinway.in/public_html/vendor/laravel/framework/src/Illuminate/Pipeline/Pipeline.php(219): Illuminate\\Foundation\\Http\\Middleware\\PreventRequestsDuringMaintenance->handle()
#39 /home/u910898544/domains/fiinway.in/public_html/vendor/laravel/framework/src/Illuminate/Http/Middleware/HandleCors.php(61): Illuminate\\Pipeline\\Pipeline->Illuminate\\Pipeline\\{closure}()
#40 /home/u910898544/domains/fiinway.in/public_html/vendor/laravel/framework/src/Illuminate/Pipeline/Pipeline.php(219): Illuminate\\Http\\Middleware\\HandleCors->handle()
#41 /home/u910898544/domains/fiinway.in/public_html/vendor/laravel/framework/src/Illuminate/Http/Middleware/TrustProxies.php(58): Illuminate\\Pipeline\\Pipeline->Illuminate\\Pipeline\\{closure}()
#42 /home/u910898544/domains/fiinway.in/public_html/vendor/laravel/framework/src/Illuminate/Pipeline/Pipeline.php(219): Illuminate\\Http\\Middleware\\TrustProxies->handle()
#43 /home/u910898544/domains/fiinway.in/public_html/vendor/laravel/framework/src/Illuminate/Foundation/Http/Middleware/InvokeDeferredCallbacks.php(22): Illuminate\\Pipeline\\Pipeline->Illuminate\\Pipeline\\{closure}()
#44 /home/u910898544/domains/fiinway.in/public_html/vendor/laravel/framework/src/Illuminate/Pipeline/Pipeline.php(219): Illuminate\\Foundation\\Http\\Middleware\\InvokeDeferredCallbacks->handle()
#45 /home/u910898544/domains/fiinway.in/public_html/vendor/laravel/framework/src/Illuminate/Http/Middleware/ValidatePathEncoding.php(28): Illuminate\\Pipeline\\Pipeline->Illuminate\\Pipeline\\{closure}()
#46 /home/u910898544/domains/fiinway.in/public_html/vendor/laravel/framework/src/Illuminate/Pipeline/Pipeline.php(219): Illuminate\\Http\\Middleware\\ValidatePathEncoding->handle()
#47 /home/u910898544/domains/fiinway.in/public_html/vendor/laravel/framework/src/Illuminate/Pipeline/Pipeline.php(137): Illuminate\\Pipeline\\Pipeline->Illuminate\\Pipeline\\{closure}()
#48 /home/u910898544/domains/fiinway.in/public_html/vendor/laravel/framework/src/Illuminate/Foundation/Http/Kernel.php(175): Illuminate\\Pipeline\\Pipeline->then()
#49 /home/u910898544/domains/fiinway.in/public_html/vendor/laravel/framework/src/Illuminate/Foundation/Http/Kernel.php(144): Illuminate\\Foundation\\Http\\Kernel->sendRequestThroughRouter()
#50 /home/u910898544/domains/fiinway.in/public_html/vendor/laravel/framework/src/Illuminate/Foundation/Application.php(1227): Illuminate\\Foundation\\Http\\Kernel->handle()
#51 /home/u910898544/domains/fiinway.in/public_html/public/index.php(20): Illuminate\\Foundation\\Application->handleRequest()
#52 {main}
"} 
[2026-09-04 09:20:22] production.ERROR: Attempt to read property "email" on null {"userId":111,"exception":"[object] (ErrorException(code: 0): Attempt to read property \"email\" on null at /home/u910898544/domains/fiinway.in/public_html/app/Http/Controllers/Buyer/OrderController.php:542)
[stacktrace]
#0 /home/u910898544/domains/fiinway.in/public_html/vendor/laravel/framework/src/Illuminate/Foundation/Bootstrap/HandleExceptions.php(263): Illuminate\\Foundation\\Bootstrap\\HandleExceptions->handleError()
#1 /home/u910898544/domains/fiinway.in/public_html/app/Http/Controllers/Buyer/OrderController.php(542): Illuminate\\Foundation\\Bootstrap\\HandleExceptions->Illuminate\\Foundation\\Bootstrap\\{closure}()
#2 /home/u910898544/domains/fiinway.in/public_html/vendor/laravel/framework/src/Illuminate/Routing/ControllerDispatcher.php(46): App\\Http\\Controllers\\Buyer\\OrderController->initiateHubPayment()
#3 /home/u910898544/domains/fiinway.in/public_html/vendor/laravel/framework/src/Illuminate/Routing/Route.php(276): Illuminate\\Routing\\ControllerDispatcher->dispatch()
#4 /home/u910898544/domains/fiinway.in/public_html/vendor/laravel/framework/src/Illuminate/Routing/Route.php(216): Illuminate\\Routing\\Route->runController()
#5 /home/u910898544/domains/fiinway.in/public_html/vendor/laravel/framework/src/Illuminate/Routing/Router.php(822): Illuminate\\Routing\\Route->run()
#6 /home/u910898544/domains/fiinway.in/public_html/vendor/laravel/framework/src/Illuminate/Pipeline/Pipeline.php(180): Illuminate\\Routing\\Router->Illuminate\\Routing\\{closure}()
#7 /home/u910898544/domains/fiinway.in/public_html/vendor/laravel/framework/src/Illuminate/Routing/Middleware/SubstituteBindings.php(52): Illuminate\\Pipeline\\Pipeline->Illuminate\\Pipeline\\{closure}()
#8 /home/u910898544/domains/fiinway.in/public_html/vendor/laravel/framework/src/Illuminate/Pipeline/Pipeline.php(219): Illuminate\\Routing\\Middleware\\SubstituteBindings->handle()
#9 /home/u910898544/domains/fiinway.in/public_html/vendor/laravel/framework/src/Illuminate/Auth/Middleware/Authenticate.php(63): Illuminate\\Pipeline\\Pipeline->Illuminate\\Pipeline\\{closure}()
#10 /home/u910898544/domains/fiinway.in/public_html/vendor/laravel/framework/src/Illuminate/Pipeline/Pipeline.php(219): Illuminate\\Auth\\Middleware\\Authenticate->handle()
#11 /home/u910898544/domains/fiinway.in/public_html/vendor/laravel/framework/src/Illuminate/Foundation/Http/Middleware/PreventRequestForgery.php(104): Illuminate\\Pipeline\\Pipeline->Illuminate\\Pipeline\\{closure}()
#12 /home/u910898544/domains/fiinway.in/public_html/vendor/laravel/framework/src/Illuminate/Pipeline/Pipeline.php(219): Illuminate\\Foundation\\Http\\Middleware\\PreventRequestForgery->handle()
#13 /home/u910898544/domains/fiinway.in/public_html/vendor/laravel/framework/src/Illuminate/View/Middleware/ShareErrorsFromSession.php(48): Illuminate\\Pipeline\\Pipeline->Illuminate\\Pipeline\\{closure}()
#14 /home/u910898544/domains/fiinway.in/public_html/vendor/laravel/framework/src/Illuminate/Pipeline/Pipeline.php(219): Illuminate\\View\\Middleware\\ShareErrorsFromSession->handle()
#15 /home/u910898544/domains/fiinway.in/public_html/vendor/laravel/framework/src/Illuminate/Session/Middleware/StartSession.php(120): Illuminate\\Pipeline\\Pipeline->Illuminate\\Pipeline\\{closure}()
#16 /home/u910898544/domains/fiinway.in/public_html/vendor/laravel/framework/src/Illuminate/Session/Middleware/StartSession.php(63): Illuminate\\Session\\Middleware\\StartSession->handleStatefulRequest()
#17 /home/u910898544/domains/fiinway.in/public_html/vendor/laravel/framework/src/Illuminate/Pipeline/Pipeline.php(219): Illuminate\\Session\\Middleware\\StartSession->handle()
#18 /home/u910898544/domains/fiinway.in/public_html/vendor/laravel/framework/src/Illuminate/Cookie/Middleware/AddQueuedCookiesToResponse.php(36): Illuminate\\Pipeline\\Pipeline->Illuminate\\Pipeline\\{closure}()
#19 /home/u910898544/domains/fiinway.in/public_html/vendor/laravel/framework/src/Illuminate/Pipeline/Pipeline.php(219): Illuminate\\Cookie\\Middleware\\AddQueuedCookiesToResponse->handle()
#20 /home/u910898544/domains/fiinway.in/public_html/vendor/laravel/framework/src/Illuminate/Cookie/Middleware/EncryptCookies.php(74): Illuminate\\Pipeline\\Pipeline->Illuminate\\Pipeline\\{closure}()
#21 /home/u910898544/domains/fiinway.in/public_html/vendor/laravel/framework/src/Illuminate/Pipeline/Pipeline.php(219): Illuminate\\Cookie\\Middleware\\EncryptCookies->handle()
#22 /home/u910898544/domains/fiinway.in/public_html/vendor/laravel/framework/src/Illuminate/Pipeline/Pipeline.php(137): Illuminate\\Pipeline\\Pipeline->Illuminate\\Pipeline\\{closure}()
#23 /home/u910898544/domains/fiinway.in/public_html/vendor/laravel/framework/src/Illuminate/Routing/Router.php(821): Illuminate\\Pipeline\\Pipeline->then()
#24 /home/u910898544/domains/fiinway.in/public_html/vendor/laravel/framework/src/Illuminate/Routing/Router.php(800): Illuminate\\Routing\\Router->runRouteWithinStack()
#25 /home/u910898544/domains/fiinway.in/public_html/vendor/laravel/framework/src/Illuminate/Routing/Router.php(764): Illuminate\\Routing\\Router->runRoute()
#26 /home/u910898544/domains/fiinway.in/public_html/vendor/laravel/framework/src/Illuminate/Routing/Router.php(753): Illuminate\\Routing\\Router->dispatchToRoute()
#27 /home/u910898544/domains/fiinway.in/public_html/vendor/laravel/framework/src/Illuminate/Foundation/Http/Kernel.php(200): Illuminate\\Routing\\Router->dispatch()
#28 /home/u910898544/domains/fiinway.in/public_html/vendor/laravel/framework/src/Illuminate/Pipeline/Pipeline.php(180): Illuminate\\Foundation\\Http\\Kernel->Illuminate\\Foundation\\Http\\{closure}()
#29 /home/u910898544/domains/fiinway.in/public_html/vendor/laravel/framework/src/Illuminate/Foundation/Http/Middleware/TransformsRequest.php(21): Illuminate\\Pipeline\\Pipeline->Illuminate\\Pipeline\\{closure}()
#30 /home/u910898544/domains/fiinway.in/public_html/vendor/laravel/framework/src/Illuminate/Foundation/Http/Middleware/ConvertEmptyStringsToNull.php(31): Illuminate\\Foundation\\Http\\Middleware\\TransformsRequest->handle()
#31 /home/u910898544/domains/fiinway.in/public_html/vendor/laravel/framework/src/Illuminate/Pipeline/Pipeline.php(219): Illuminate\\Foundation\\Http\\Middleware\\ConvertEmptyStringsToNull->handle()
#32 /home/u910898544/domains/fiinway.in/public_html/vendor/laravel/framework/src/Illuminate/Foundation/Http/Middleware/TransformsRequest.php(21): Illuminate\\Pipeline\\Pipeline->Illuminate\\Pipeline\\{closure}()
#33 /home/u910898544/domains/fiinway.in/public_html/vendor/laravel/framework/src/Illuminate/Foundation/Http/Middleware/TrimStrings.php(51): Illuminate\\Foundation\\Http\\Middleware\\TransformsRequest->handle()
#34 /home/u910898544/domains/fiinway.in/public_html/vendor/laravel/framework/src/Illuminate/Pipeline/Pipeline.php(219): Illuminate\\Foundation\\Http\\Middleware\\TrimStrings->handle()
#35 /home/u910898544/domains/fiinway.in/public_html/vendor/laravel/framework/src/Illuminate/Http/Middleware/ValidatePostSize.php(27): Illuminate\\Pipeline\\Pipeline->Illuminate\\Pipeline\\{closure}()
#36 /home/u910898544/domains/fiinway.in/public_html/vendor/laravel/framework/src/Illuminate/Pipeline/Pipeline.php(219): Illuminate\\Http\\Middleware\\ValidatePostSize->handle()
#37 /home/u910898544/domains/fiinway.in/public_html/vendor/laravel/framework/src/Illuminate/Foundation/Http/Middleware/PreventRequestsDuringMaintenance.php(110): Illuminate\\Pipeline\\Pipeline->Illuminate\\Pipeline\\{closure}()
#38 /home/u910898544/domains/fiinway.in/public_html/vendor/laravel/framework/src/Illuminate/Pipeline/Pipeline.php(219): Illuminate\\Foundation\\Http\\Middleware\\PreventRequestsDuringMaintenance->handle()
#39 /home/u910898544/domains/fiinway.in/public_html/vendor/laravel/framework/src/Illuminate/Http/Middleware/HandleCors.php(61): Illuminate\\Pipeline\\Pipeline->Illuminate\\Pipeline\\{closure}()
#40 /home/u910898544/domains/fiinway.in/public_html/vendor/laravel/framework/src/Illuminate/Pipeline/Pipeline.php(219): Illuminate\\Http\\Middleware\\HandleCors->handle()
#41 /home/u910898544/domains/fiinway.in/public_html/vendor/laravel/framework/src/Illuminate/Http/Middleware/TrustProxies.php(58): Illuminate\\Pipeline\\Pipeline->Illuminate\\Pipeline\\{closure}()
#42 /home/u910898544/domains/fiinway.in/public_html/vendor/laravel/framework/src/Illuminate/Pipeline/Pipeline.php(219): Illuminate\\Http\\Middleware\\TrustProxies->handle()
#43 /home/u910898544/domains/fiinway.in/public_html/vendor/laravel/framework/src/Illuminate/Foundation/Http/Middleware/InvokeDeferredCallbacks.php(22): Illuminate\\Pipeline\\Pipeline->Illuminate\\Pipeline\\{closure}()
#44 /home/u910898544/domains/fiinway.in/public_html/vendor/laravel/framework/src/Illuminate/Pipeline/Pipeline.php(219): Illuminate\\Foundation\\Http\\Middleware\\InvokeDeferredCallbacks->handle()
#45 /home/u910898544/domains/fiinway.in/public_html/vendor/laravel/framework/src/Illuminate/Http/Middleware/ValidatePathEncoding.php(28): Illuminate\\Pipeline\\Pipeline->Illuminate\\Pipeline\\{closure}()
#46 /home/u910898544/domains/fiinway.in/public_html/vendor/laravel/framework/src/Illuminate/Pipeline/Pipeline.php(219): Illuminate\\Http\\Middleware\\ValidatePathEncoding->handle()
#47 /home/u910898544/domains/fiinway.in/public_html/vendor/laravel/framework/src/Illuminate/Pipeline/Pipeline.php(137): Illuminate\\Pipeline\\Pipeline->Illuminate\\Pipeline\\{closure}()
#48 /home/u910898544/domains/fiinway.in/public_html/vendor/laravel/framework/src/Illuminate/Foundation/Http/Kernel.php(175): Illuminate\\Pipeline\\Pipeline->then()
#49 /home/u910898544/domains/fiinway.in/public_html/vendor/laravel/framework/src/Illuminate/Foundation/Http/Kernel.php(144): Illuminate\\Foundation\\Http\\Kernel->sendRequestThroughRouter()
#50 /home/u910898544/domains/fiinway.in/public_html/vendor/laravel/framework/src/Illuminate/Foundation/Application.php(1227): Illuminate\\Foundation\\Http\\Kernel->handle()
#51 /home/u910898544/domains/fiinway.in/public_html/public/index.php(20): Illuminate\\Foundation\\Application->handleRequest()
#52 {main}
"} 
[2026-09-04 09:20:26] production.ERROR: Attempt to read property "email" on null {"userId":111,"exception":"[object] (ErrorException(code: 0): Attempt to read property \"email\" on null at /home/u910898544/domains/fiinway.in/public_html/app/Http/Controllers/Buyer/OrderController.php:542)
[stacktrace]
#0 /home/u910898544/domains/fiinway.in/public_html/vendor/laravel/framework/src/Illuminate/Foundation/Bootstrap/HandleExceptions.php(263): Illuminate\\Foundation\\Bootstrap\\HandleExceptions->handleError()
#1 /home/u910898544/domains/fiinway.in/public_html/app/Http/Controllers/Buyer/OrderController.php(542): Illuminate\\Foundation\\Bootstrap\\HandleExceptions->Illuminate\\Foundation\\Bootstrap\\{closure}()
#2 /home/u910898544/domains/fiinway.in/public_html/vendor/laravel/framework/src/Illuminate/Routing/ControllerDispatcher.php(46): App\\Http\\Controllers\\Buyer\\OrderController->initiateHubPayment()
#3 /home/u910898544/domains/fiinway.in/public_html/vendor/laravel/framework/src/Illuminate/Routing/Route.php(276): Illuminate\\Routing\\ControllerDispatcher->dispatch()
#4 /home/u910898544/domains/fiinway.in/public_html/vendor/laravel/framework/src/Illuminate/Routing/Route.php(216): Illuminate\\Routing\\Route->runController()
#5 /home/u910898544/domains/fiinway.in/public_html/vendor/laravel/framework/src/Illuminate/Routing/Router.php(822): Illuminate\\Routing\\Route->run()
#6 /home/u910898544/domains/fiinway.in/public_html/vendor/laravel/framework/src/Illuminate/Pipeline/Pipeline.php(180): Illuminate\\Routing\\Router->Illuminate\\Routing\\{closure}()
#7 /home/u910898544/domains/fiinway.in/public_html/vendor/laravel/framework/src/Illuminate/Routing/Middleware/SubstituteBindings.php(52): Illuminate\\Pipeline\\Pipeline->Illuminate\\Pipeline\\{closure}()
#8 /home/u910898544/domains/fiinway.in/public_html/vendor/laravel/framework/src/Illuminate/Pipeline/Pipeline.php(219): Illuminate\\Routing\\Middleware\\SubstituteBindings->handle()
#9 /home/u910898544/domains/fiinway.in/public_html/vendor/laravel/framework/src/Illuminate/Auth/Middleware/Authenticate.php(63): Illuminate\\Pipeline\\Pipeline->Illuminate\\Pipeline\\{closure}()
#10 /home/u910898544/domains/fiinway.in/public_html/vendor/laravel/framework/src/Illuminate/Pipeline/Pipeline.php(219): Illuminate\\Auth\\Middleware\\Authenticate->handle()
#11 /home/u910898544/domains/fiinway.in/public_html/vendor/laravel/framework/src/Illuminate/Foundation/Http/Middleware/PreventRequestForgery.php(104): Illuminate\\Pipeline\\Pipeline->Illuminate\\Pipeline\\{closure}()
#12 /home/u910898544/domains/fiinway.in/public_html/vendor/laravel/framework/src/Illuminate/Pipeline/Pipeline.php(219): Illuminate\\Foundation\\Http\\Middleware\\PreventRequestForgery->handle()
#13 /home/u910898544/domains/fiinway.in/public_html/vendor/laravel/framework/src/Illuminate/View/Middleware/ShareErrorsFromSession.php(48): Illuminate\\Pipeline\\Pipeline->Illuminate\\Pipeline\\{closure}()
#14 /home/u910898544/domains/fiinway.in/public_html/vendor/laravel/framework/src/Illuminate/Pipeline/Pipeline.php(219): Illuminate\\View\\Middleware\\ShareErrorsFromSession->handle()
#15 /home/u910898544/domains/fiinway.in/public_html/vendor/laravel/framework/src/Illuminate/Session/Middleware/StartSession.php(120): Illuminate\\Pipeline\\Pipeline->Illuminate\\Pipeline\\{closure}()
#16 /home/u910898544/domains/fiinway.in/public_html/vendor/laravel/framework/src/Illuminate/Session/Middleware/StartSession.php(63): Illuminate\\Session\\Middleware\\StartSession->handleStatefulRequest()
#17 /home/u910898544/domains/fiinway.in/public_html/vendor/laravel/framework/src/Illuminate/Pipeline/Pipeline.php(219): Illuminate\\Session\\Middleware\\StartSession->handle()
#18 /home/u910898544/domains/fiinway.in/public_html/vendor/laravel/framework/src/Illuminate/Cookie/Middleware/AddQueuedCookiesToResponse.php(36): Illuminate\\Pipeline\\Pipeline->Illuminate\\Pipeline\\{closure}()
#19 /home/u910898544/domains/fiinway.in/public_html/vendor/laravel/framework/src/Illuminate/Pipeline/Pipeline.php(219): Illuminate\\Cookie\\Middleware\\AddQueuedCookiesToResponse->handle()
#20 /home/u910898544/domains/fiinway.in/public_html/vendor/laravel/framework/src/Illuminate/Cookie/Middleware/EncryptCookies.php(74): Illuminate\\Pipeline\\Pipeline->Illuminate\\Pipeline\\{closure}()
#21 /home/u910898544/domains/fiinway.in/public_html/vendor/laravel/framework/src/Illuminate/Pipeline/Pipeline.php(219): Illuminate\\Cookie\\Middleware\\EncryptCookies->handle()
#22 /home/u910898544/domains/fiinway.in/public_html/vendor/laravel/framework/src/Illuminate/Pipeline/Pipeline.php(137): Illuminate\\Pipeline\\Pipeline->Illuminate\\Pipeline\\{closure}()
#23 /home/u910898544/domains/fiinway.in/public_html/vendor/laravel/framework/src/Illuminate/Routing/Router.php(821): Illuminate\\Pipeline\\Pipeline->then()
#24 /home/u910898544/domains/fiinway.in/public_html/vendor/laravel/framework/src/Illuminate/Routing/Router.php(800): Illuminate\\Routing\\Router->runRouteWithinStack()
#25 /home/u910898544/domains/fiinway.in/public_html/vendor/laravel/framework/src/Illuminate/Routing/Router.php(764): Illuminate\\Routing\\Router->runRoute()
#26 /home/u910898544/domains/fiinway.in/public_html/vendor/laravel/framework/src/Illuminate/Routing/Router.php(753): Illuminate\\Routing\\Router->dispatchToRoute()
#27 /home/u910898544/domains/fiinway.in/public_html/vendor/laravel/framework/src/Illuminate/Foundation/Http/Kernel.php(200): Illuminate\\Routing\\Router->dispatch()
#28 /home/u910898544/domains/fiinway.in/public_html/vendor/laravel/framework/src/Illuminate/Pipeline/Pipeline.php(180): Illuminate\\Foundation\\Http\\Kernel->Illuminate\\Foundation\\Http\\{closure}()
#29 /home/u910898544/domains/fiinway.in/public_html/vendor/laravel/framework/src/Illuminate/Foundation/Http/Middleware/TransformsRequest.php(21): Illuminate\\Pipeline\\Pipeline->Illuminate\\Pipeline\\{closure}()
#30 /home/u910898544/domains/fiinway.in/public_html/vendor/laravel/framework/src/Illuminate/Foundation/Http/Middleware/ConvertEmptyStringsToNull.php(31): Illuminate\\Foundation\\Http\\Middleware\\TransformsRequest->handle()
#31 /home/u910898544/domains/fiinway.in/public_html/vendor/laravel/framework/src/Illuminate/Pipeline/Pipeline.php(219): Illuminate\\Foundation\\Http\\Middleware\\ConvertEmptyStringsToNull->handle()
#32 /home/u910898544/domains/fiinway.in/public_html/vendor/laravel/framework/src/Illuminate/Foundation/Http/Middleware/TransformsRequest.php(21): Illuminate\\Pipeline\\Pipeline->Illuminate\\Pipeline\\{closure}()
#33 /home/u910898544/domains/fiinway.in/public_html/vendor/laravel/framework/src/Illuminate/Foundation/Http/Middleware/TrimStrings.php(51): Illuminate\\Foundation\\Http\\Middleware\\TransformsRequest->handle()
#34 /home/u910898544/domains/fiinway.in/public_html/vendor/laravel/framework/src/Illuminate/Pipeline/Pipeline.php(219): Illuminate\\Foundation\\Http\\Middleware\\TrimStrings->handle()
#35 /home/u910898544/domains/fiinway.in/public_html/vendor/laravel/framework/src/Illuminate/Http/Middleware/ValidatePostSize.php(27): Illuminate\\Pipeline\\Pipeline->Illuminate\\Pipeline\\{closure}()
#36 /home/u910898544/domains/fiinway.in/public_html/vendor/laravel/framework/src/Illuminate/Pipeline/Pipeline.php(219): Illuminate\\Http\\Middleware\\ValidatePostSize->handle()
#37 /home/u910898544/domains/fiinway.in/public_html/vendor/laravel/framework/src/Illuminate/Foundation/Http/Middleware/PreventRequestsDuringMaintenance.php(110): Illuminate\\Pipeline\\Pipeline->Illuminate\\Pipeline\\{closure}()
#38 /home/u910898544/domains/fiinway.in/public_html/vendor/laravel/framework/src/Illuminate/Pipeline/Pipeline.php(219): Illuminate\\Foundation\\Http\\Middleware\\PreventRequestsDuringMaintenance->handle()
#39 /home/u910898544/domains/fiinway.in/public_html/vendor/laravel/framework/src/Illuminate/Http/Middleware/HandleCors.php(61): Illuminate\\Pipeline\\Pipeline->Illuminate\\Pipeline\\{closure}()
#40 /home/u910898544/domains/fiinway.in/public_html/vendor/laravel/framework/src/Illuminate/Pipeline/Pipeline.php(219): Illuminate\\Http\\Middleware\\HandleCors->handle()
#41 /home/u910898544/domains/fiinway.in/public_html/vendor/laravel/framework/src/Illuminate/Http/Middleware/TrustProxies.php(58): Illuminate\\Pipeline\\Pipeline->Illuminate\\Pipeline\\{closure}()
#42 /home/u910898544/domains/fiinway.in/public_html/vendor/laravel/framework/src/Illuminate/Pipeline/Pipeline.php(219): Illuminate\\Http\\Middleware\\TrustProxies->handle()
#43 /home/u910898544/domains/fiinway.in/public_html/vendor/laravel/framework/src/Illuminate/Foundation/Http/Middleware/InvokeDeferredCallbacks.php(22): Illuminate\\Pipeline\\Pipeline->Illuminate\\Pipeline\\{closure}()
#44 /home/u910898544/domains/fiinway.in/public_html/vendor/laravel/framework/src/Illuminate/Pipeline/Pipeline.php(219): Illuminate\\Foundation\\Http\\Middleware\\InvokeDeferredCallbacks->handle()
#45 /home/u910898544/domains/fiinway.in/public_html/vendor/laravel/framework/src/Illuminate/Http/Middleware/ValidatePathEncoding.php(28): Illuminate\\Pipeline\\Pipeline->Illuminate\\Pipeline\\{closure}()
#46 /home/u910898544/domains/fiinway.in/public_html/vendor/laravel/framework/src/Illuminate/Pipeline/Pipeline.php(219): Illuminate\\Http\\Middleware\\ValidatePathEncoding->handle()
#47 /home/u910898544/domains/fiinway.in/public_html/vendor/laravel/framework/src/Illuminate/Pipeline/Pipeline.php(137): Illuminate\\Pipeline\\Pipeline->Illuminate\\Pipeline\\{closure}()
#48 /home/u910898544/domains/fiinway.in/public_html/vendor/laravel/framework/src/Illuminate/Foundation/Http/Kernel.php(175): Illuminate\\Pipeline\\Pipeline->then()
#49 /home/u910898544/domains/fiinway.in/public_html/vendor/laravel/framework/src/Illuminate/Foundation/Http/Kernel.php(144): Illuminate\\Foundation\\Http\\Kernel->sendRequestThroughRouter()
#50 /home/u910898544/domains/fiinway.in/public_html/vendor/laravel/framework/src/Illuminate/Foundation/Application.php(1227): Illuminate\\Foundation\\Http\\Kernel->handle()
#51 /home/u910898544/domains/fiinway.in/public_html/public/index.php(20): Illuminate\\Foundation\\Application->handleRequest()
#52 {main}
"} 
[2026-09-04 09:22:33] production.ERROR: Call to undefined method PhonePe\payments\v2\models\request\builders\StandardCheckoutPayRequestBuilder::redirectMode() {"exception":"[object] (Error(code: 0): Call to undefined method PhonePe\\payments\\v2\\models\\request\\builders\\StandardCheckoutPayRequestBuilder::redirectMode() at /home/u910898544/domains/fiinway.in/public_html/app/Services/PhonePeService.php:66)
[stacktrace]
#0 /home/u910898544/domains/fiinway.in/public_html/app/Http/Controllers/Api/PaymentHubController.php(107): App\\Services\\PhonePeService->createOrder()
#1 /home/u910898544/domains/fiinway.in/public_html/vendor/laravel/framework/src/Illuminate/Routing/ControllerDispatcher.php(46): App\\Http\\Controllers\\Api\\PaymentHubController->initiate()
#2 /home/u910898544/domains/fiinway.in/public_html/vendor/laravel/framework/src/Illuminate/Routing/Route.php(276): Illuminate\\Routing\\ControllerDispatcher->dispatch()
#3 /home/u910898544/domains/fiinway.in/public_html/vendor/laravel/framework/src/Illuminate/Routing/Route.php(216): Illuminate\\Routing\\Route->runController()
#4 /home/u910898544/domains/fiinway.in/public_html/vendor/laravel/framework/src/Illuminate/Routing/Router.php(822): Illuminate\\Routing\\Route->run()
#5 /home/u910898544/domains/fiinway.in/public_html/vendor/laravel/framework/src/Illuminate/Pipeline/Pipeline.php(180): Illuminate\\Routing\\Router->Illuminate\\Routing\\{closure}()
#6 /home/u910898544/domains/fiinway.in/public_html/vendor/laravel/framework/src/Illuminate/Routing/Middleware/SubstituteBindings.php(52): Illuminate\\Pipeline\\Pipeline->Illuminate\\Pipeline\\{closure}()
#7 /home/u910898544/domains/fiinway.in/public_html/vendor/laravel/framework/src/Illuminate/Pipeline/Pipeline.php(219): Illuminate\\Routing\\Middleware\\SubstituteBindings->handle()
#8 /home/u910898544/domains/fiinway.in/public_html/vendor/laravel/framework/src/Illuminate/Foundation/Http/Middleware/PreventRequestForgery.php(104): Illuminate\\Pipeline\\Pipeline->Illuminate\\Pipeline\\{closure}()
#9 /home/u910898544/domains/fiinway.in/public_html/vendor/laravel/framework/src/Illuminate/Pipeline/Pipeline.php(219): Illuminate\\Foundation\\Http\\Middleware\\PreventRequestForgery->handle()
#10 /home/u910898544/domains/fiinway.in/public_html/vendor/laravel/framework/src/Illuminate/View/Middleware/ShareErrorsFromSession.php(48): Illuminate\\Pipeline\\Pipeline->Illuminate\\Pipeline\\{closure}()
#11 /home/u910898544/domains/fiinway.in/public_html/vendor/laravel/framework/src/Illuminate/Pipeline/Pipeline.php(219): Illuminate\\View\\Middleware\\ShareErrorsFromSession->handle()
#12 /home/u910898544/domains/fiinway.in/public_html/vendor/laravel/framework/src/Illuminate/Session/Middleware/StartSession.php(120): Illuminate\\Pipeline\\Pipeline->Illuminate\\Pipeline\\{closure}()
#13 /home/u910898544/domains/fiinway.in/public_html/vendor/laravel/framework/src/Illuminate/Session/Middleware/StartSession.php(63): Illuminate\\Session\\Middleware\\StartSession->handleStatefulRequest()
#14 /home/u910898544/domains/fiinway.in/public_html/vendor/laravel/framework/src/Illuminate/Pipeline/Pipeline.php(219): Illuminate\\Session\\Middleware\\StartSession->handle()
#15 /home/u910898544/domains/fiinway.in/public_html/vendor/laravel/framework/src/Illuminate/Cookie/Middleware/AddQueuedCookiesToResponse.php(36): Illuminate\\Pipeline\\Pipeline->Illuminate\\Pipeline\\{closure}()
#16 /home/u910898544/domains/fiinway.in/public_html/vendor/laravel/framework/src/Illuminate/Pipeline/Pipeline.php(219): Illuminate\\Cookie\\Middleware\\AddQueuedCookiesToResponse->handle()
#17 /home/u910898544/domains/fiinway.in/public_html/vendor/laravel/framework/src/Illuminate/Cookie/Middleware/EncryptCookies.php(74): Illuminate\\Pipeline\\Pipeline->Illuminate\\Pipeline\\{closure}()
#18 /home/u910898544/domains/fiinway.in/public_html/vendor/laravel/framework/src/Illuminate/Pipeline/Pipeline.php(219): Illuminate\\Cookie\\Middleware\\EncryptCookies->handle()
#19 /home/u910898544/domains/fiinway.in/public_html/vendor/laravel/framework/src/Illuminate/Pipeline/Pipeline.php(137): Illuminate\\Pipeline\\Pipeline->Illuminate\\Pipeline\\{closure}()
#20 /home/u910898544/domains/fiinway.in/public_html/vendor/laravel/framework/src/Illuminate/Routing/Router.php(821): Illuminate\\Pipeline\\Pipeline->then()
#21 /home/u910898544/domains/fiinway.in/public_html/vendor/laravel/framework/src/Illuminate/Routing/Router.php(800): Illuminate\\Routing\\Router->runRouteWithinStack()
#22 /home/u910898544/domains/fiinway.in/public_html/vendor/laravel/framework/src/Illuminate/Routing/Router.php(764): Illuminate\\Routing\\Router->runRoute()
#23 /home/u910898544/domains/fiinway.in/public_html/vendor/laravel/framework/src/Illuminate/Routing/Router.php(753): Illuminate\\Routing\\Router->dispatchToRoute()
#24 /home/u910898544/domains/fiinway.in/public_html/vendor/laravel/framework/src/Illuminate/Foundation/Http/Kernel.php(200): Illuminate\\Routing\\Router->dispatch()
#25 /home/u910898544/domains/fiinway.in/public_html/vendor/laravel/framework/src/Illuminate/Pipeline/Pipeline.php(180): Illuminate\\Foundation\\Http\\Kernel->Illuminate\\Foundation\\Http\\{closure}()
#26 /home/u910898544/domains/fiinway.in/public_html/vendor/laravel/framework/src/Illuminate/Foundation/Http/Middleware/TransformsRequest.php(21): Illuminate\\Pipeline\\Pipeline->Illuminate\\Pipeline\\{closure}()
#27 /home/u910898544/domains/fiinway.in/public_html/vendor/laravel/framework/src/Illuminate/Foundation/Http/Middleware/ConvertEmptyStringsToNull.php(31): Illuminate\\Foundation\\Http\\Middleware\\TransformsRequest->handle()
#28 /home/u910898544/domains/fiinway.in/public_html/vendor/laravel/framework/src/Illuminate/Pipeline/Pipeline.php(219): Illuminate\\Foundation\\Http\\Middleware\\ConvertEmptyStringsToNull->handle()
#29 /home/u910898544/domains/fiinway.in/public_html/vendor/laravel/framework/src/Illuminate/Foundation/Http/Middleware/TransformsRequest.php(21): Illuminate\\Pipeline\\Pipeline->Illuminate\\Pipeline\\{closure}()
#30 /home/u910898544/domains/fiinway.in/public_html/vendor/laravel/framework/src/Illuminate/Foundation/Http/Middleware/TrimStrings.php(51): Illuminate\\Foundation\\Http\\Middleware\\TransformsRequest->handle()
#31 /home/u910898544/domains/fiinway.in/public_html/vendor/laravel/framework/src/Illuminate/Pipeline/Pipeline.php(219): Illuminate\\Foundation\\Http\\Middleware\\TrimStrings->handle()
#32 /home/u910898544/domains/fiinway.in/public_html/vendor/laravel/framework/src/Illuminate/Http/Middleware/ValidatePostSize.php(27): Illuminate\\Pipeline\\Pipeline->Illuminate\\Pipeline\\{closure}()
#33 /home/u910898544/domains/fiinway.in/public_html/vendor/laravel/framework/src/Illuminate/Pipeline/Pipeline.php(219): Illuminate\\Http\\Middleware\\ValidatePostSize->handle()
#34 /home/u910898544/domains/fiinway.in/public_html/vendor/laravel/framework/src/Illuminate/Foundation/Http/Middleware/PreventRequestsDuringMaintenance.php(110): Illuminate\\Pipeline\\Pipeline->Illuminate\\Pipeline\\{closure}()
#35 /home/u910898544/domains/fiinway.in/public_html/vendor/laravel/framework/src/Illuminate/Pipeline/Pipeline.php(219): Illuminate\\Foundation\\Http\\Middleware\\PreventRequestsDuringMaintenance->handle()
#36 /home/u910898544/domains/fiinway.in/public_html/vendor/laravel/framework/src/Illuminate/Http/Middleware/HandleCors.php(74): Illuminate\\Pipeline\\Pipeline->Illuminate\\Pipeline\\{closure}()
#37 /home/u910898544/domains/fiinway.in/public_html/vendor/laravel/framework/src/Illuminate/Pipeline/Pipeline.php(219): Illuminate\\Http\\Middleware\\HandleCors->handle()
#38 /home/u910898544/domains/fiinway.in/public_html/vendor/laravel/framework/src/Illuminate/Http/Middleware/TrustProxies.php(58): Illuminate\\Pipeline\\Pipeline->Illuminate\\Pipeline\\{closure}()
#39 /home/u910898544/domains/fiinway.in/public_html/vendor/laravel/framework/src/Illuminate/Pipeline/Pipeline.php(219): Illuminate\\Http\\Middleware\\TrustProxies->handle()
#40 /home/u910898544/domains/fiinway.in/public_html/vendor/laravel/framework/src/Illuminate/Foundation/Http/Middleware/InvokeDeferredCallbacks.php(22): Illuminate\\Pipeline\\Pipeline->Illuminate\\Pipeline\\{closure}()
#41 /home/u910898544/domains/fiinway.in/public_html/vendor/laravel/framework/src/Illuminate/Pipeline/Pipeline.php(219): Illuminate\\Foundation\\Http\\Middleware\\InvokeDeferredCallbacks->handle()
#42 /home/u910898544/domains/fiinway.in/public_html/vendor/laravel/framework/src/Illuminate/Http/Middleware/ValidatePathEncoding.php(28): Illuminate\\Pipeline\\Pipeline->Illuminate\\Pipeline\\{closure}()
#43 /home/u910898544/domains/fiinway.in/public_html/vendor/laravel/framework/src/Illuminate/Pipeline/Pipeline.php(219): Illuminate\\Http\\Middleware\\ValidatePathEncoding->handle()
#44 /home/u910898544/domains/fiinway.in/public_html/vendor/laravel/framework/src/Illuminate/Pipeline/Pipeline.php(137): Illuminate\\Pipeline\\Pipeline->Illuminate\\Pipeline\\{closure}()
#45 /home/u910898544/domains/fiinway.in/public_html/vendor/laravel/framework/src/Illuminate/Foundation/Http/Kernel.php(175): Illuminate\\Pipeline\\Pipeline->then()
#46 /home/u910898544/domains/fiinway.in/public_html/vendor/laravel/framework/src/Illuminate/Foundation/Http/Kernel.php(144): Illuminate\\Foundation\\Http\\Kernel->sendRequestThroughRouter()
#47 /home/u910898544/domains/fiinway.in/public_html/vendor/laravel/framework/src/Illuminate/Foundation/Application.php(1227): Illuminate\\Foundation\\Http\\Kernel->handle()
#48 /home/u910898544/domains/fiinway.in/public_html/public/index.php(20): Illuminate\\Foundation\\Application->handleRequest()
#49 {main}
"} 
[2026-09-04 09:22:33] production.ERROR: PaymentHub Request Failed: {
    "message": "Call to undefined method PhonePe\\payments\\v2\\models\\request\\builders\\StandardCheckoutPayRequestBuilder::redirectMode()",
    "exception": "Error",
    "file": "/home/u910898544/domains/fiinway.in/public_html/app/Services/PhonePeService.php",
    "line": 66,
    "trace": [
        {
            "file": "/home/u910898544/domains/fiinway.in/public_html/app/Http/Controllers/Api/PaymentHubController.php",
            "line": 107,
            "function": "createOrder",
            "class": "App\\Services\\PhonePeService",
            "type": "->"
        },
        {
            "file": "/home/u910898544/domains/fiinway.in/public_html/vendor/laravel/framework/src/Illuminate/Routing/ControllerDispatcher.php",
            "line": 46,
            "function": "initiate",
            "class": "App\\Http\\Controllers\\Api\\PaymentHubController",
            "type": "->"
        },
        {
            "file": "/home/u910898544/domains/fiinway.in/public_html/vendor/laravel/framework/src/Illuminate/Routing/Route.php",
            "line": 276,
            "function": "dispatch",
            "class": "Illuminate\\Routing\\ControllerDispatcher",
            "type": "->"
        },
        {
            "file": "/home/u910898544/domains/fiinway.in/public_html/vendor/laravel/framework/src/Illuminate/Routing/Route.php",
            "line": 216,
            "function": "runController",
            "class": "Illuminate\\Routing\\Route",
            "type": "->"
        },
        {
            "file": "/home/u910898544/domains/fiinway.in/public_html/vendor/laravel/framework/src/Illuminate/Routing/Router.php",
            "line": 822,
            "function": "run",
            "class": "Illuminate\\Routing\\Route",
            "type": "->"
        },
        {
            "file": "/home/u910898544/domains/fiinway.in/public_html/vendor/laravel/framework/src/Illuminate/Pipeline/Pipeline.php",
            "line": 180,
            "function": "Illuminate\\Routing\\{closure}",
            "class": "Illuminate\\Routing\\Router",
            "type": "->"
        },
        {
            "file": "/home/u910898544/domains/fiinway.in/public_html/vendor/laravel/framework/src/Illuminate/Routing/Middleware/SubstituteBindings.php",
            "line": 52,
            "function": "Illuminate\\Pipeline\\{closure}",
            "class": "Illuminate\\Pipeline\\Pipeline",
            "type": "->"
        },
        {
            "file": "/home/u910898544/domains/fiinway.in/public_html/vendor/laravel/framework/src/Illuminate/Pipeline/Pipeline.php",
            "line": 219,
            "function": "handle",
            "class": "Illuminate\\Routing\\Middleware\\SubstituteBindings",
            "type": "->"
        },
        {
            "file": "/home/u910898544/domains/fiinway.in/public_html/vendor/laravel/framework/src/Illuminate/Foundation/Http/Middleware/PreventRequestForgery.php",
            "line": 104,
            "function": "Illuminate\\Pipeline\\{closure}",
            "class": "Illuminate\\Pipeline\\Pipeline",
            "type": "->"
        },
        {
            "file": "/home/u910898544/domains/fiinway.in/public_html/vendor/laravel/framework/src/Illuminate/Pipeline/Pipeline.php",
            "line": 219,
            "function": "handle",
            "class": "Illuminate\\Foundation\\Http\\Middleware\\PreventRequestForgery",
            "type": "->"
        },
        {
            "file": "/home/u910898544/domains/fiinway.in/public_html/vendor/laravel/framework/src/Illuminate/View/Middleware/ShareErrorsFromSession.php",
            "line": 48,
            "function": "Illuminate\\Pipeline\\{closure}",
            "class": "Illuminate\\Pipeline\\Pipeline",
            "type": "->"
        },
        {
            "file": "/home/u910898544/domains/fiinway.in/public_html/vendor/laravel/framework/src/Illuminate/Pipeline/Pipeline.php",
            "line": 219,
            "function": "handle",
            "class": "Illuminate\\View\\Middleware\\ShareErrorsFromSession",
            "type": "->"
        },
        {
            "file": "/home/u910898544/domains/fiinway.in/public_html/vendor/laravel/framework/src/Illuminate/Session/Middleware/StartSession.php",
            "line": 120,
            "function": "Illuminate\\Pipeline\\{closure}",
            "class": "Illuminate\\Pipeline\\Pipeline",
            "type": "->"
        },
        {
            "file": "/home/u910898544/domains/fiinway.in/public_html/vendor/laravel/framework/src/Illuminate/Session/Middleware/StartSession.php",
            "line": 63,
            "function": "handleStatefulRequest",
            "class": "Illuminate\\Session\\Middleware\\StartSession",
            "type": "->"
        },
        {
            "file": "/home/u910898544/domains/fiinway.in/public_html/vendor/laravel/framework/src/Illuminate/Pipeline/Pipeline.php",
            "line": 219,
            "function": "handle",
            "class": "Illuminate\\Session\\Middleware\\StartSession",
            "type": "->"
        },
        {
            "file": "/home/u910898544/domains/fiinway.in/public_html/vendor/laravel/framework/src/Illuminate/Cookie/Middleware/AddQueuedCookiesToResponse.php",
            "line": 36,
            "function": "Illuminate\\Pipeline\\{closure}",
            "class": "Illuminate\\Pipeline\\Pipeline",
            "type": "->"
        },
        {
            "file": "/home/u910898544/domains/fiinway.in/public_html/vendor/laravel/framework/src/Illuminate/Pipeline/Pipeline.php",
            "line": 219,
            "function": "handle",
            "class": "Illuminate\\Cookie\\Middleware\\AddQueuedCookiesToResponse",
            "type": "->"
        },
        {
            "file": "/home/u910898544/domains/fiinway.in/public_html/vendor/laravel/framework/src/Illuminate/Cookie/Middleware/EncryptCookies.php",
            "line": 74,
            "function": "Illuminate\\Pipeline\\{closure}",
            "class": "Illuminate\\Pipeline\\Pipeline",
            "type": "->"
        },
        {
            "file": "/home/u910898544/domains/fiinway.in/public_html/vendor/laravel/framework/src/Illuminate/Pipeline/Pipeline.php",
            "line": 219,
            "function": "handle",
            "class": "Illuminate\\Cookie\\Middleware\\EncryptCookies",
            "type": "->"
        },
        {
            "file": "/home/u910898544/domains/fiinway.in/public_html/vendor/laravel/framework/src/Illuminate/Pipeline/Pipeline.php",
            "line": 137,
            "function": "Illuminate\\Pipeline\\{closure}",
            "class": "Illuminate\\Pipeline\\Pipeline",
            "type": "->"
        },
        {
            "file": "/home/u910898544/domains/fiinway.in/public_html/vendor/laravel/framework/src/Illuminate/Routing/Router.php",
            "line": 821,
            "function": "then",
            "class": "Illuminate\\Pipeline\\Pipeline",
            "type": "->"
        },
        {
            "file": "/home/u910898544/domains/fiinway.in/public_html/vendor/laravel/framework/src/Illuminate/Routing/Router.php",
            "line": 800,
            "function": "runRouteWithinStack",
            "class": "Illuminate\\Routing\\Router",
            "type": "->"
        },
        {
            "file": "/home/u910898544/domains/fiinway.in/public_html/vendor/laravel/framework/src/Illuminate/Routing/Router.php",
            "line": 764,
            "function": "runRoute",
            "class": "Illuminate\\Routing\\Router",
            "type": "->"
        },
        {
            "file": "/home/u910898544/domains/fiinway.in/public_html/vendor/laravel/framework/src/Illuminate/Routing/Router.php",
            "line": 753,
            "function": "dispatchToRoute",
            "class": "Illuminate\\Routing\\Router",
            "type": "->"
        },
        {
            "file": "/home/u910898544/domains/fiinway.in/public_html/vendor/laravel/framework/src/Illuminate/Foundation/Http/Kernel.php",
            "line": 200,
            "function": "dispatch",
            "class": "Illuminate\\Routing\\Router",
            "type": "->"
        },
        {
            "file": "/home/u910898544/domains/fiinway.in/public_html/vendor/laravel/framework/src/Illuminate/Pipeline/Pipeline.php",
            "line": 180,
            "function": "Illuminate\\Foundation\\Http\\{closure}",
            "class": "Illuminate\\Foundation\\Http\\Kernel",
            "type": "->"
        },
        {
            "file": "/home/u910898544/domains/fiinway.in/public_html/vendor/laravel/framework/src/Illuminate/Foundation/Http/Middleware/TransformsRequest.php",
            "line": 21,
            "function": "Illuminate\\Pipeline\\{closure}",
            "class": "Illuminate\\Pipeline\\Pipeline",
            "type": "->"
        },
        {
            "file": "/home/u910898544/domains/fiinway.in/public_html/vendor/laravel/framework/src/Illuminate/Foundation/Http/Middleware/ConvertEmptyStringsToNull.php",
            "line": 31,
            "function": "handle",
            "class": "Illuminate\\Foundation\\Http\\Middleware\\TransformsRequest",
            "type": "->"
        },
        {
            "file": "/home/u910898544/domains/fiinway.in/public_html/vendor/laravel/framework/src/Illuminate/Pipeline/Pipeline.php",
            "line": 219,
            "function": "handle",
            "class": "Illuminate\\Foundation\\Http\\Middleware\\ConvertEmptyStringsToNull",
            "type": "->"
        },
        {
            "file": "/home/u910898544/domains/fiinway.in/public_html/vendor/laravel/framework/src/Illuminate/Foundation/Http/Middleware/TransformsRequest.php",
            "line": 21,
            "function": "Illuminate\\Pipeline\\{closure}",
            "class": "Illuminate\\Pipeline\\Pipeline",
            "type": "->"
        },
        {
            "file": "/home/u910898544/domains/fiinway.in/public_html/vendor/laravel/framework/src/Illuminate/Foundation/Http/Middleware/TrimStrings.php",
            "line": 51,
            "function": "handle",
            "class": "Illuminate\\Foundation\\Http\\Middleware\\TransformsRequest",
            "type": "->"
        },
        {
            "file": "/home/u910898544/domains/fiinway.in/public_html/vendor/laravel/framework/src/Illuminate/Pipeline/Pipeline.php",
            "line": 219,
            "function": "handle",
            "class": "Illuminate\\Foundation\\Http\\Middleware\\TrimStrings",
            "type": "->"
        },
        {
            "file": "/home/u910898544/domains/fiinway.in/public_html/vendor/laravel/framework/src/Illuminate/Http/Middleware/ValidatePostSize.php",
            "line": 27,
            "function": "Illuminate\\Pipeline\\{closure}",
            "class": "Illuminate\\Pipeline\\Pipeline",
            "type": "->"
        },
        {
            "file": "/home/u910898544/domains/fiinway.in/public_html/vendor/laravel/framework/src/Illuminate/Pipeline/Pipeline.php",
            "line": 219,
            "function": "handle",
            "class": "Illuminate\\Http\\Middleware\\ValidatePostSize",
            "type": "->"
        },
        {
            "file": "/home/u910898544/domains/fiinway.in/public_html/vendor/laravel/framework/src/Illuminate/Foundation/Http/Middleware/PreventRequestsDuringMaintenance.php",
            "line": 110,
            "function": "Illuminate\\Pipeline\\{closure}",
            "class": "Illuminate\\Pipeline\\Pipeline",
            "type": "->"
        },
        {
            "file": "/home/u910898544/domains/fiinway.in/public_html/vendor/laravel/framework/src/Illuminate/Pipeline/Pipeline.php",
            "line": 219,
            "function": "handle",
            "class": "Illuminate\\Foundation\\Http\\Middleware\\PreventRequestsDuringMaintenance",
            "type": "->"
        },
        {
            "file": "/home/u910898544/domains/fiinway.in/public_html/vendor/laravel/framework/src/Illuminate/Http/Middleware/HandleCors.php",
            "line": 74,
            "function": "Illuminate\\Pipeline\\{closure}",
            "class": "Illuminate\\Pipeline\\Pipeline",
            "type": "->"
        },
        {
            "file": "/home/u910898544/domains/fiinway.in/public_html/vendor/laravel/framework/src/Illuminate/Pipeline/Pipeline.php",
            "line": 219,
            "function": "handle",
            "class": "Illuminate\\Http\\Middleware\\HandleCors",
            "type": "->"
        },
        {
            "file": "/home/u910898544/domains/fiinway.in/public_html/vendor/laravel/framework/src/Illuminate/Http/Middleware/TrustProxies.php",
            "line": 58,
            "function": "Illuminate\\Pipeline\\{closure}",
            "class": "Illuminate\\Pipeline\\Pipeline",
            "type": "->"
        },
        {
            "file": "/home/u910898544/domains/fiinway.in/public_html/vendor/laravel/framework/src/Illuminate/Pipeline/Pipeline.php",
            "line": 219,
            "function": "handle",
            "class": "Illuminate\\Http\\Middleware\\TrustProxies",
            "type": "->"
        },
        {
            "file": "/home/u910898544/domains/fiinway.in/public_html/vendor/laravel/framework/src/Illuminate/Foundation/Http/Middleware/InvokeDeferredCallbacks.php",
            "line": 22,
            "function": "Illuminate\\Pipeline\\{closure}",
            "class": "Illuminate\\Pipeline\\Pipeline",
            "type": "->"
        },
        {
            "file": "/home/u910898544/domains/fiinway.in/public_html/vendor/laravel/framework/src/Illuminate/Pipeline/Pipeline.php",
            "line": 219,
            "function": "handle",
            "class": "Illuminate\\Foundation\\Http\\Middleware\\InvokeDeferredCallbacks",
            "type": "->"
        },
        {
            "file": "/home/u910898544/domains/fiinway.in/public_html/vendor/laravel/framework/src/Illuminate/Http/Middleware/ValidatePathEncoding.php",
            "line": 28,
            "function": "Illuminate\\Pipeline\\{closure}",
            "class": "Illuminate\\Pipeline\\Pipeline",
            "type": "->"
        },
        {
            "file": "/home/u910898544/domains/fiinway.in/public_html/vendor/laravel/framework/src/Illuminate/Pipeline/Pipeline.php",
            "line": 219,
            "function": "handle",
            "class": "Illuminate\\Http\\Middleware\\ValidatePathEncoding",
            "type": "->"
        },
        {
            "file": "/home/u910898544/domains/fiinway.in/public_html/vendor/laravel/framework/src/Illuminate/Pipeline/Pipeline.php",
            "line": 137,
            "function": "Illuminate\\Pipeline\\{closure}",
            "class": "Illuminate\\Pipeline\\Pipeline",
            "type": "->"
        },
        {
            "file": "/home/u910898544/domains/fiinway.in/public_html/vendor/laravel/framework/src/Illuminate/Foundation/Http/Kernel.php",
            "line": 175,
            "function": "then",
            "class": "Illuminate\\Pipeline\\Pipeline",
            "type": "->"
        },
        {
            "file": "/home/u910898544/domains/fiinway.in/public_html/vendor/laravel/framework/src/Illuminate/Foundation/Http/Kernel.php",
            "line": 144,
            "function": "sendRequestThroughRouter",
            "class": "Illuminate\\Foundation\\Http\\Kernel",
            "type": "->"
        },
        {
            "file": "/home/u910898544/domains/fiinway.in/public_html/vendor/laravel/framework/src/Illuminate/Foundation/Application.php",
            "line": 1227,
            "function": "handle",
            "class": "Illuminate\\Foundation\\Http\\Kernel",
            "type": "->"
        },
        {
            "file": "/home/u910898544/domains/fiinway.in/public_html/public/index.php",
            "line": 20,
            "function": "handleRequest",
            "class": "Illuminate\\Foundation\\Application",
            "type": "->"
        }
    ]
}  
[2026-09-04 09:22:46] production.ERROR: Call to undefined method PhonePe\payments\v2\models\request\builders\StandardCheckoutPayRequestBuilder::redirectMode() {"exception":"[object] (Error(code: 0): Call to undefined method PhonePe\\payments\\v2\\models\\request\\builders\\StandardCheckoutPayRequestBuilder::redirectMode() at /home/u910898544/domains/fiinway.in/public_html/app/Services/PhonePeService.php:66)
[stacktrace]
#0 /home/u910898544/domains/fiinway.in/public_html/app/Http/Controllers/Api/PaymentHubController.php(107): App\\Services\\PhonePeService->createOrder()
#1 /home/u910898544/domains/fiinway.in/public_html/vendor/laravel/framework/src/Illuminate/Routing/ControllerDispatcher.php(46): App\\Http\\Controllers\\Api\\PaymentHubController->initiate()
#2 /home/u910898544/domains/fiinway.in/public_html/vendor/laravel/framework/src/Illuminate/Routing/Route.php(276): Illuminate\\Routing\\ControllerDispatcher->dispatch()
#3 /home/u910898544/domains/fiinway.in/public_html/vendor/laravel/framework/src/Illuminate/Routing/Route.php(216): Illuminate\\Routing\\Route->runController()
#4 /home/u910898544/domains/fiinway.in/public_html/vendor/laravel/framework/src/Illuminate/Routing/Router.php(822): Illuminate\\Routing\\Route->run()
#5 /home/u910898544/domains/fiinway.in/public_html/vendor/laravel/framework/src/Illuminate/Pipeline/Pipeline.php(180): Illuminate\\Routing\\Router->Illuminate\\Routing\\{closure}()
#6 /home/u910898544/domains/fiinway.in/public_html/vendor/laravel/framework/src/Illuminate/Routing/Middleware/SubstituteBindings.php(52): Illuminate\\Pipeline\\Pipeline->Illuminate\\Pipeline\\{closure}()
#7 /home/u910898544/domains/fiinway.in/public_html/vendor/laravel/framework/src/Illuminate/Pipeline/Pipeline.php(219): Illuminate\\Routing\\Middleware\\SubstituteBindings->handle()
#8 /home/u910898544/domains/fiinway.in/public_html/vendor/laravel/framework/src/Illuminate/Foundation/Http/Middleware/PreventRequestForgery.php(104): Illuminate\\Pipeline\\Pipeline->Illuminate\\Pipeline\\{closure}()
#9 /home/u910898544/domains/fiinway.in/public_html/vendor/laravel/framework/src/Illuminate/Pipeline/Pipeline.php(219): Illuminate\\Foundation\\Http\\Middleware\\PreventRequestForgery->handle()
#10 /home/u910898544/domains/fiinway.in/public_html/vendor/laravel/framework/src/Illuminate/View/Middleware/ShareErrorsFromSession.php(48): Illuminate\\Pipeline\\Pipeline->Illuminate\\Pipeline\\{closure}()
#11 /home/u910898544/domains/fiinway.in/public_html/vendor/laravel/framework/src/Illuminate/Pipeline/Pipeline.php(219): Illuminate\\View\\Middleware\\ShareErrorsFromSession->handle()
#12 /home/u910898544/domains/fiinway.in/public_html/vendor/laravel/framework/src/Illuminate/Session/Middleware/StartSession.php(120): Illuminate\\Pipeline\\Pipeline->Illuminate\\Pipeline\\{closure}()
#13 /home/u910898544/domains/fiinway.in/public_html/vendor/laravel/framework/src/Illuminate/Session/Middleware/StartSession.php(63): Illuminate\\Session\\Middleware\\StartSession->handleStatefulRequest()
#14 /home/u910898544/domains/fiinway.in/public_html/vendor/laravel/framework/src/Illuminate/Pipeline/Pipeline.php(219): Illuminate\\Session\\Middleware\\StartSession->handle()
#15 /home/u910898544/domains/fiinway.in/public_html/vendor/laravel/framework/src/Illuminate/Cookie/Middleware/AddQueuedCookiesToResponse.php(36): Illuminate\\Pipeline\\Pipeline->Illuminate\\Pipeline\\{closure}()
#16 /home/u910898544/domains/fiinway.in/public_html/vendor/laravel/framework/src/Illuminate/Pipeline/Pipeline.php(219): Illuminate\\Cookie\\Middleware\\AddQueuedCookiesToResponse->handle()
#17 /home/u910898544/domains/fiinway.in/public_html/vendor/laravel/framework/src/Illuminate/Cookie/Middleware/EncryptCookies.php(74): Illuminate\\Pipeline\\Pipeline->Illuminate\\Pipeline\\{closure}()
#18 /home/u910898544/domains/fiinway.in/public_html/vendor/laravel/framework/src/Illuminate/Pipeline/Pipeline.php(219): Illuminate\\Cookie\\Middleware\\EncryptCookies->handle()
#19 /home/u910898544/domains/fiinway.in/public_html/vendor/laravel/framework/src/Illuminate/Pipeline/Pipeline.php(137): Illuminate\\Pipeline\\Pipeline->Illuminate\\Pipeline\\{closure}()
#20 /home/u910898544/domains/fiinway.in/public_html/vendor/laravel/framework/src/Illuminate/Routing/Router.php(821): Illuminate\\Pipeline\\Pipeline->then()
#21 /home/u910898544/domains/fiinway.in/public_html/vendor/laravel/framework/src/Illuminate/Routing/Router.php(800): Illuminate\\Routing\\Router->runRouteWithinStack()
#22 /home/u910898544/domains/fiinway.in/public_html/vendor/laravel/framework/src/Illuminate/Routing/Router.php(764): Illuminate\\Routing\\Router->runRoute()
#23 /home/u910898544/domains/fiinway.in/public_html/vendor/laravel/framework/src/Illuminate/Routing/Router.php(753): Illuminate\\Routing\\Router->dispatchToRoute()
#24 /home/u910898544/domains/fiinway.in/public_html/vendor/laravel/framework/src/Illuminate/Foundation/Http/Kernel.php(200): Illuminate\\Routing\\Router->dispatch()
#25 /home/u910898544/domains/fiinway.in/public_html/vendor/laravel/framework/src/Illuminate/Pipeline/Pipeline.php(180): Illuminate\\Foundation\\Http\\Kernel->Illuminate\\Foundation\\Http\\{closure}()
#26 /home/u910898544/domains/fiinway.in/public_html/vendor/laravel/framework/src/Illuminate/Foundation/Http/Middleware/TransformsRequest.php(21): Illuminate\\Pipeline\\Pipeline->Illuminate\\Pipeline\\{closure}()
#27 /home/u910898544/domains/fiinway.in/public_html/vendor/laravel/framework/src/Illuminate/Foundation/Http/Middleware/ConvertEmptyStringsToNull.php(31): Illuminate\\Foundation\\Http\\Middleware\\TransformsRequest->handle()
#28 /home/u910898544/domains/fiinway.in/public_html/vendor/laravel/framework/src/Illuminate/Pipeline/Pipeline.php(219): Illuminate\\Foundation\\Http\\Middleware\\ConvertEmptyStringsToNull->handle()
#29 /home/u910898544/domains/fiinway.in/public_html/vendor/laravel/framework/src/Illuminate/Foundation/Http/Middleware/TransformsRequest.php(21): Illuminate\\Pipeline\\Pipeline->Illuminate\\Pipeline\\{closure}()
#30 /home/u910898544/domains/fiinway.in/public_html/vendor/laravel/framework/src/Illuminate/Foundation/Http/Middleware/TrimStrings.php(51): Illuminate\\Foundation\\Http\\Middleware\\TransformsRequest->handle()
#31 /home/u910898544/domains/fiinway.in/public_html/vendor/laravel/framework/src/Illuminate/Pipeline/Pipeline.php(219): Illuminate\\Foundation\\Http\\Middleware\\TrimStrings->handle()
#32 /home/u910898544/domains/fiinway.in/public_html/vendor/laravel/framework/src/Illuminate/Http/Middleware/ValidatePostSize.php(27): Illuminate\\Pipeline\\Pipeline->Illuminate\\Pipeline\\{closure}()
#33 /home/u910898544/domains/fiinway.in/public_html/vendor/laravel/framework/src/Illuminate/Pipeline/Pipeline.php(219): Illuminate\\Http\\Middleware\\ValidatePostSize->handle()
#34 /home/u910898544/domains/fiinway.in/public_html/vendor/laravel/framework/src/Illuminate/Foundation/Http/Middleware/PreventRequestsDuringMaintenance.php(110): Illuminate\\Pipeline\\Pipeline->Illuminate\\Pipeline\\{closure}()
#35 /home/u910898544/domains/fiinway.in/public_html/vendor/laravel/framework/src/Illuminate/Pipeline/Pipeline.php(219): Illuminate\\Foundation\\Http\\Middleware\\PreventRequestsDuringMaintenance->handle()
#36 /home/u910898544/domains/fiinway.in/public_html/vendor/laravel/framework/src/Illuminate/Http/Middleware/HandleCors.php(74): Illuminate\\Pipeline\\Pipeline->Illuminate\\Pipeline\\{closure}()
#37 /home/u910898544/domains/fiinway.in/public_html/vendor/laravel/framework/src/Illuminate/Pipeline/Pipeline.php(219): Illuminate\\Http\\Middleware\\HandleCors->handle()
#38 /home/u910898544/domains/fiinway.in/public_html/vendor/laravel/framework/src/Illuminate/Http/Middleware/TrustProxies.php(58): Illuminate\\Pipeline\\Pipeline->Illuminate\\Pipeline\\{closure}()
#39 /home/u910898544/domains/fiinway.in/public_html/vendor/laravel/framework/src/Illuminate/Pipeline/Pipeline.php(219): Illuminate\\Http\\Middleware\\TrustProxies->handle()
#40 /home/u910898544/domains/fiinway.in/public_html/vendor/laravel/framework/src/Illuminate/Foundation/Http/Middleware/InvokeDeferredCallbacks.php(22): Illuminate\\Pipeline\\Pipeline->Illuminate\\Pipeline\\{closure}()
#41 /home/u910898544/domains/fiinway.in/public_html/vendor/laravel/framework/src/Illuminate/Pipeline/Pipeline.php(219): Illuminate\\Foundation\\Http\\Middleware\\InvokeDeferredCallbacks->handle()
#42 /home/u910898544/domains/fiinway.in/public_html/vendor/laravel/framework/src/Illuminate/Http/Middleware/ValidatePathEncoding.php(28): Illuminate\\Pipeline\\Pipeline->Illuminate\\Pipeline\\{closure}()
#43 /home/u910898544/domains/fiinway.in/public_html/vendor/laravel/framework/src/Illuminate/Pipeline/Pipeline.php(219): Illuminate\\Http\\Middleware\\ValidatePathEncoding->handle()
#44 /home/u910898544/domains/fiinway.in/public_html/vendor/laravel/framework/src/Illuminate/Pipeline/Pipeline.php(137): Illuminate\\Pipeline\\Pipeline->Illuminate\\Pipeline\\{closure}()
#45 /home/u910898544/domains/fiinway.in/public_html/vendor/laravel/framework/src/Illuminate/Foundation/Http/Kernel.php(175): Illuminate\\Pipeline\\Pipeline->then()
#46 /home/u910898544/domains/fiinway.in/public_html/vendor/laravel/framework/src/Illuminate/Foundation/Http/Kernel.php(144): Illuminate\\Foundation\\Http\\Kernel->sendRequestThroughRouter()
#47 /home/u910898544/domains/fiinway.in/public_html/vendor/laravel/framework/src/Illuminate/Foundation/Application.php(1227): Illuminate\\Foundation\\Http\\Kernel->handle()
#48 /home/u910898544/domains/fiinway.in/public_html/public/index.php(20): Illuminate\\Foundation\\Application->handleRequest()
#49 {main}
"} 
[2026-09-04 09:22:46] production.ERROR: PaymentHub Request Failed: {
    "message": "Call to undefined method PhonePe\\payments\\v2\\models\\request\\builders\\StandardCheckoutPayRequestBuilder::redirectMode()",
    "exception": "Error",
    "file": "/home/u910898544/domains/fiinway.in/public_html/app/Services/PhonePeService.php",
    "line": 66,
    "trace": [
        {
            "file": "/home/u910898544/domains/fiinway.in/public_html/app/Http/Controllers/Api/PaymentHubController.php",
            "line": 107,
            "function": "createOrder",
            "class": "App\\Services\\PhonePeService",
            "type": "->"
        },
        {
            "file": "/home/u910898544/domains/fiinway.in/public_html/vendor/laravel/framework/src/Illuminate/Routing/ControllerDispatcher.php",
            "line": 46,
            "function": "initiate",
            "class": "App\\Http\\Controllers\\Api\\PaymentHubController",
            "type": "->"
        },
        {
            "file": "/home/u910898544/domains/fiinway.in/public_html/vendor/laravel/framework/src/Illuminate/Routing/Route.php",
            "line": 276,
            "function": "dispatch",
            "class": "Illuminate\\Routing\\ControllerDispatcher",
            "type": "->"
        },
        {
            "file": "/home/u910898544/domains/fiinway.in/public_html/vendor/laravel/framework/src/Illuminate/Routing/Route.php",
            "line": 216,
            "function": "runController",
            "class": "Illuminate\\Routing\\Route",
            "type": "->"
        },
        {
            "file": "/home/u910898544/domains/fiinway.in/public_html/vendor/laravel/framework/src/Illuminate/Routing/Router.php",
            "line": 822,
            "function": "run",
            "class": "Illuminate\\Routing\\Route",
            "type": "->"
        },
        {
            "file": "/home/u910898544/domains/fiinway.in/public_html/vendor/laravel/framework/src/Illuminate/Pipeline/Pipeline.php",
            "line": 180,
            "function": "Illuminate\\Routing\\{closure}",
            "class": "Illuminate\\Routing\\Router",
            "type": "->"
        },
        {
            "file": "/home/u910898544/domains/fiinway.in/public_html/vendor/laravel/framework/src/Illuminate/Routing/Middleware/SubstituteBindings.php",
            "line": 52,
            "function": "Illuminate\\Pipeline\\{closure}",
            "class": "Illuminate\\Pipeline\\Pipeline",
            "type": "->"
        },
        {
            "file": "/home/u910898544/domains/fiinway.in/public_html/vendor/laravel/framework/src/Illuminate/Pipeline/Pipeline.php",
            "line": 219,
            "function": "handle",
            "class": "Illuminate\\Routing\\Middleware\\SubstituteBindings",
            "type": "->"
        },
        {
            "file": "/home/u910898544/domains/fiinway.in/public_html/vendor/laravel/framework/src/Illuminate/Foundation/Http/Middleware/PreventRequestForgery.php",
            "line": 104,
            "function": "Illuminate\\Pipeline\\{closure}",
            "class": "Illuminate\\Pipeline\\Pipeline",
            "type": "->"
        },
        {
            "file": "/home/u910898544/domains/fiinway.in/public_html/vendor/laravel/framework/src/Illuminate/Pipeline/Pipeline.php",
            "line": 219,
            "function": "handle",
            "class": "Illuminate\\Foundation\\Http\\Middleware\\PreventRequestForgery",
            "type": "->"
        },
        {
            "file": "/home/u910898544/domains/fiinway.in/public_html/vendor/laravel/framework/src/Illuminate/View/Middleware/ShareErrorsFromSession.php",
            "line": 48,
            "function": "Illuminate\\Pipeline\\{closure}",
            "class": "Illuminate\\Pipeline\\Pipeline",
            "type": "->"
        },
        {
            "file": "/home/u910898544/domains/fiinway.in/public_html/vendor/laravel/framework/src/Illuminate/Pipeline/Pipeline.php",
            "line": 219,
            "function": "handle",
            "class": "Illuminate\\View\\Middleware\\ShareErrorsFromSession",
            "type": "->"
        },
        {
            "file": "/home/u910898544/domains/fiinway.in/public_html/vendor/laravel/framework/src/Illuminate/Session/Middleware/StartSession.php",
            "line": 120,
            "function": "Illuminate\\Pipeline\\{closure}",
            "class": "Illuminate\\Pipeline\\Pipeline",
            "type": "->"
        },
        {
            "file": "/home/u910898544/domains/fiinway.in/public_html/vendor/laravel/framework/src/Illuminate/Session/Middleware/StartSession.php",
            "line": 63,
            "function": "handleStatefulRequest",
            "class": "Illuminate\\Session\\Middleware\\StartSession",
            "type": "->"
        },
        {
            "file": "/home/u910898544/domains/fiinway.in/public_html/vendor/laravel/framework/src/Illuminate/Pipeline/Pipeline.php",
            "line": 219,
            "function": "handle",
            "class": "Illuminate\\Session\\Middleware\\StartSession",
            "type": "->"
        },
        {
            "file": "/home/u910898544/domains/fiinway.in/public_html/vendor/laravel/framework/src/Illuminate/Cookie/Middleware/AddQueuedCookiesToResponse.php",
            "line": 36,
            "function": "Illuminate\\Pipeline\\{closure}",
            "class": "Illuminate\\Pipeline\\Pipeline",
            "type": "->"
        },
        {
            "file": "/home/u910898544/domains/fiinway.in/public_html/vendor/laravel/framework/src/Illuminate/Pipeline/Pipeline.php",
            "line": 219,
            "function": "handle",
            "class": "Illuminate\\Cookie\\Middleware\\AddQueuedCookiesToResponse",
            "type": "->"
        },
        {
            "file": "/home/u910898544/domains/fiinway.in/public_html/vendor/laravel/framework/src/Illuminate/Cookie/Middleware/EncryptCookies.php",
            "line": 74,
            "function": "Illuminate\\Pipeline\\{closure}",
            "class": "Illuminate\\Pipeline\\Pipeline",
            "type": "->"
        },
        {
            "file": "/home/u910898544/domains/fiinway.in/public_html/vendor/laravel/framework/src/Illuminate/Pipeline/Pipeline.php",
            "line": 219,
            "function": "handle",
            "class": "Illuminate\\Cookie\\Middleware\\EncryptCookies",
            "type": "->"
        },
        {
            "file": "/home/u910898544/domains/fiinway.in/public_html/vendor/laravel/framework/src/Illuminate/Pipeline/Pipeline.php",
            "line": 137,
            "function": "Illuminate\\Pipeline\\{closure}",
            "class": "Illuminate\\Pipeline\\Pipeline",
            "type": "->"
        },
        {
            "file": "/home/u910898544/domains/fiinway.in/public_html/vendor/laravel/framework/src/Illuminate/Routing/Router.php",
            "line": 821,
            "function": "then",
            "class": "Illuminate\\Pipeline\\Pipeline",
            "type": "->"
        },
        {
            "file": "/home/u910898544/domains/fiinway.in/public_html/vendor/laravel/framework/src/Illuminate/Routing/Router.php",
            "line": 800,
            "function": "runRouteWithinStack",
            "class": "Illuminate\\Routing\\Router",
            "type": "->"
        },
        {
            "file": "/home/u910898544/domains/fiinway.in/public_html/vendor/laravel/framework/src/Illuminate/Routing/Router.php",
            "line": 764,
            "function": "runRoute",
            "class": "Illuminate\\Routing\\Router",
            "type": "->"
        },
        {
            "file": "/home/u910898544/domains/fiinway.in/public_html/vendor/laravel/framework/src/Illuminate/Routing/Router.php",
            "line": 753,
            "function": "dispatchToRoute",
            "class": "Illuminate\\Routing\\Router",
            "type": "->"
        },
        {
            "file": "/home/u910898544/domains/fiinway.in/public_html/vendor/laravel/framework/src/Illuminate/Foundation/Http/Kernel.php",
            "line": 200,
            "function": "dispatch",
            "class": "Illuminate\\Routing\\Router",
            "type": "->"
        },
        {
            "file": "/home/u910898544/domains/fiinway.in/public_html/vendor/laravel/framework/src/Illuminate/Pipeline/Pipeline.php",
            "line": 180,
            "function": "Illuminate\\Foundation\\Http\\{closure}",
            "class": "Illuminate\\Foundation\\Http\\Kernel",
            "type": "->"
        },
        {
            "file": "/home/u910898544/domains/fiinway.in/public_html/vendor/laravel/framework/src/Illuminate/Foundation/Http/Middleware/TransformsRequest.php",
            "line": 21,
            "function": "Illuminate\\Pipeline\\{closure}",
            "class": "Illuminate\\Pipeline\\Pipeline",
            "type": "->"
        },
        {
            "file": "/home/u910898544/domains/fiinway.in/public_html/vendor/laravel/framework/src/Illuminate/Foundation/Http/Middleware/ConvertEmptyStringsToNull.php",
            "line": 31,
            "function": "handle",
            "class": "Illuminate\\Foundation\\Http\\Middleware\\TransformsRequest",
            "type": "->"
        },
        {
            "file": "/home/u910898544/domains/fiinway.in/public_html/vendor/laravel/framework/src/Illuminate/Pipeline/Pipeline.php",
            "line": 219,
            "function": "handle",
            "class": "Illuminate\\Foundation\\Http\\Middleware\\ConvertEmptyStringsToNull",
            "type": "->"
        },
        {
            "file": "/home/u910898544/domains/fiinway.in/public_html/vendor/laravel/framework/src/Illuminate/Foundation/Http/Middleware/TransformsRequest.php",
            "line": 21,
            "function": "Illuminate\\Pipeline\\{closure}",
            "class": "Illuminate\\Pipeline\\Pipeline",
            "type": "->"
        },
        {
            "file": "/home/u910898544/domains/fiinway.in/public_html/vendor/laravel/framework/src/Illuminate/Foundation/Http/Middleware/TrimStrings.php",
            "line": 51,
            "function": "handle",
            "class": "Illuminate\\Foundation\\Http\\Middleware\\TransformsRequest",
            "type": "->"
        },
        {
            "file": "/home/u910898544/domains/fiinway.in/public_html/vendor/laravel/framework/src/Illuminate/Pipeline/Pipeline.php",
            "line": 219,
            "function": "handle",
            "class": "Illuminate\\Foundation\\Http\\Middleware\\TrimStrings",
            "type": "->"
        },
        {
            "file": "/home/u910898544/domains/fiinway.in/public_html/vendor/laravel/framework/src/Illuminate/Http/Middleware/ValidatePostSize.php",
            "line": 27,
            "function": "Illuminate\\Pipeline\\{closure}",
            "class": "Illuminate\\Pipeline\\Pipeline",
            "type": "->"
        },
        {
            "file": "/home/u910898544/domains/fiinway.in/public_html/vendor/laravel/framework/src/Illuminate/Pipeline/Pipeline.php",
            "line": 219,
            "function": "handle",
            "class": "Illuminate\\Http\\Middleware\\ValidatePostSize",
            "type": "->"
        },
        {
            "file": "/home/u910898544/domains/fiinway.in/public_html/vendor/laravel/framework/src/Illuminate/Foundation/Http/Middleware/PreventRequestsDuringMaintenance.php",
            "line": 110,
            "function": "Illuminate\\Pipeline\\{closure}",
            "class": "Illuminate\\Pipeline\\Pipeline",
            "type": "->"
        },
        {
            "file": "/home/u910898544/domains/fiinway.in/public_html/vendor/laravel/framework/src/Illuminate/Pipeline/Pipeline.php",
            "line": 219,
            "function": "handle",
            "class": "Illuminate\\Foundation\\Http\\Middleware\\PreventRequestsDuringMaintenance",
            "type": "->"
        },
        {
            "file": "/home/u910898544/domains/fiinway.in/public_html/vendor/laravel/framework/src/Illuminate/Http/Middleware/HandleCors.php",
            "line": 74,
            "function": "Illuminate\\Pipeline\\{closure}",
            "class": "Illuminate\\Pipeline\\Pipeline",
            "type": "->"
        },
        {
            "file": "/home/u910898544/domains/fiinway.in/public_html/vendor/laravel/framework/src/Illuminate/Pipeline/Pipeline.php",
            "line": 219,
            "function": "handle",
            "class": "Illuminate\\Http\\Middleware\\HandleCors",
            "type": "->"
        },
        {
            "file": "/home/u910898544/domains/fiinway.in/public_html/vendor/laravel/framework/src/Illuminate/Http/Middleware/TrustProxies.php",
            "line": 58,
            "function": "Illuminate\\Pipeline\\{closure}",
            "class": "Illuminate\\Pipeline\\Pipeline",
            "type": "->"
        },
        {
            "file": "/home/u910898544/domains/fiinway.in/public_html/vendor/laravel/framework/src/Illuminate/Pipeline/Pipeline.php",
            "line": 219,
            "function": "handle",
            "class": "Illuminate\\Http\\Middleware\\TrustProxies",
            "type": "->"
        },
        {
            "file": "/home/u910898544/domains/fiinway.in/public_html/vendor/laravel/framework/src/Illuminate/Foundation/Http/Middleware/InvokeDeferredCallbacks.php",
            "line": 22,
            "function": "Illuminate\\Pipeline\\{closure}",
            "class": "Illuminate\\Pipeline\\Pipeline",
            "type": "->"
        },
        {
            "file": "/home/u910898544/domains/fiinway.in/public_html/vendor/laravel/framework/src/Illuminate/Pipeline/Pipeline.php",
            "line": 219,
            "function": "handle",
            "class": "Illuminate\\Foundation\\Http\\Middleware\\InvokeDeferredCallbacks",
            "type": "->"
        },
        {
            "file": "/home/u910898544/domains/fiinway.in/public_html/vendor/laravel/framework/src/Illuminate/Http/Middleware/ValidatePathEncoding.php",
            "line": 28,
            "function": "Illuminate\\Pipeline\\{closure}",
            "class": "Illuminate\\Pipeline\\Pipeline",
            "type": "->"
        },
        {
            "file": "/home/u910898544/domains/fiinway.in/public_html/vendor/laravel/framework/src/Illuminate/Pipeline/Pipeline.php",
            "line": 219,
            "function": "handle",
            "class": "Illuminate\\Http\\Middleware\\ValidatePathEncoding",
            "type": "->"
        },
        {
            "file": "/home/u910898544/domains/fiinway.in/public_html/vendor/laravel/framework/src/Illuminate/Pipeline/Pipeline.php",
            "line": 137,
            "function": "Illuminate\\Pipeline\\{closure}",
            "class": "Illuminate\\Pipeline\\Pipeline",
            "type": "->"
        },
        {
            "file": "/home/u910898544/domains/fiinway.in/public_html/vendor/laravel/framework/src/Illuminate/Foundation/Http/Kernel.php",
            "line": 175,
            "function": "then",
            "class": "Illuminate\\Pipeline\\Pipeline",
            "type": "->"
        },
        {
            "file": "/home/u910898544/domains/fiinway.in/public_html/vendor/laravel/framework/src/Illuminate/Foundation/Http/Kernel.php",
            "line": 144,
            "function": "sendRequestThroughRouter",
            "class": "Illuminate\\Foundation\\Http\\Kernel",
            "type": "->"
        },
        {
            "file": "/home/u910898544/domains/fiinway.in/public_html/vendor/laravel/framework/src/Illuminate/Foundation/Application.php",
            "line": 1227,
            "function": "handle",
            "class": "Illuminate\\Foundation\\Http\\Kernel",
            "type": "->"
        },
        {
            "file": "/home/u910898544/domains/fiinway.in/public_html/public/index.php",
            "line": 20,
            "function": "handleRequest",
            "class": "Illuminate\\Foundation\\Application",
            "type": "->"
        }
    ]
}  
[2026-09-04 09:25:18] production.INFO: PaymentHub: PaymentRequest #8 created for client [FIINWAY Internal] {"provider_order_id":"hub_8_HYgaX","gateway":"cashfree"} 
[2026-09-04 09:25:46] production.INFO: PaymentHub: PaymentRequest #9 created for client [FIINWAY Internal] {"provider_order_id":"hub_9_YXDZo","gateway":"phonepe"} 
[2026-09-04 09:26:20] production.INFO: PaymentHub: User returned to verify for PaymentRequest #9 {"query":[]} 
[2026-09-04 09:28:46] production.INFO: PaymentHub: PaymentRequest #10 created for client [FIINWAY Internal] {"provider_order_id":"hub_10_eUdG0","gateway":"cashfree"} 
[2026-09-04 09:33:50] production.INFO: PaymentHub: PaymentRequest #11 created for client [FIINWAY Internal] {"provider_order_id":"hub_11_OuViA","gateway":"phonepe"} 
[2026-09-04 09:34:24] production.INFO: DEMO OTP for 9123828516: 136649  
[2026-09-04 09:34:43] production.INFO: PaymentHub: PaymentRequest #12 created for client [FIINWAY Internal] {"provider_order_id":"hub_12_ZU8ps","gateway":"phonepe"} 
[2026-09-04 10:45:45] production.INFO: PaymentHub: PaymentRequest #13 created for client [FIINWAY Internal] {"provider_order_id":"hub_13_jYESF","gateway":"phonepe"} 
[2026-09-04 10:45:53] production.INFO: PaymentHub: PaymentRequest #14 created for client [FIINWAY Internal] {"provider_order_id":"hub_14_1p0KG","gateway":"phonepe"} 
[2026-09-04 10:46:19] production.INFO: PaymentHub: User returned to verify for PaymentRequest #13 {"query":[]} 
[2026-09-04 10:46:41] production.INFO: PaymentHub: User returned to verify for PaymentRequest #13 {"query":[]} 
[2026-09-04 10:46:41] production.INFO: PaymentHub: User returned to verify for PaymentRequest #13 {"query":[]} 
[2026-09-04 10:46:41] production.INFO: PaymentHub: User returned to verify for PaymentRequest #13 {"query":[]} 
[2026-09-04 10:46:41] production.INFO: PaymentHub: User returned to verify for PaymentRequest #13 {"query":[]} 
[2026-09-04 10:46:41] production.INFO: PaymentHub: User returned to verify for PaymentRequest #13 {"query":[]} 
[2026-09-04 10:46:42] production.INFO: PaymentHub: User returned to verify for PaymentRequest #13 {"query":[]} 
[2026-09-04 10:46:42] production.INFO: PaymentHub: User returned to verify for PaymentRequest #13 {"query":[]} 
[2026-09-04 10:46:42] production.INFO: PaymentHub: User returned to verify for PaymentRequest #13 {"query":[]} 
[2026-09-04 10:46:42] production.INFO: PaymentHub: User returned to verify for PaymentRequest #13 {"query":[]} 
[2026-09-04 10:46:42] production.INFO: PaymentHub: User returned to verify for PaymentRequest #13 {"query":[]} 
[2026-09-04 10:56:59] production.INFO: PaymentHub: PaymentRequest #15 created for client [FIINWAY Internal] {"provider_order_id":"hub_15_Nlptn","gateway":"cashfree"} 
[2026-09-04 10:57:46] production.INFO: PaymentHub: PaymentRequest #16 created for client [FIINWAY Internal] {"provider_order_id":"hub_16_cTmqv","gateway":"cashfree"} 
[2026-09-04 10:59:30] production.INFO: DEMO OTP for 8888888888: 603315  
[2026-09-04 11:04:28] production.INFO: DEMO OTP for 8888888888: 708342  
[2026-09-04 11:05:05] production.INFO: DEMO OTP for 8888888888: 582388  
[2026-09-04 11:14:41] production.INFO: PaymentHub: PaymentRequest #17 created for client [FIINWAY Internal] {"provider_order_id":"hub_17_5owxD","gateway":"cashfree"} 
[2026-09-04 11:18:54] production.INFO: PaymentHub: PaymentRequest #18 created for client [FIINWAY Internal] {"provider_order_id":"hub_18_AQVju","gateway":"cashfree"} 
[2026-09-04 11:21:11] production.INFO: PaymentHub: PaymentRequest #19 created for client [FIINWAY Internal] {"provider_order_id":"hub_19_4SJwY","gateway":"phonepe"} 
[2026-09-04 11:22:11] production.INFO: PaymentHub: User returned to verify for PaymentRequest #19 {"query":[]} 
[2026-09-04 11:29:45] production.INFO: PaymentHub: User returned to verify for PaymentRequest #14 {"query":[]} 
[2026-09-04 11:44:17] production.INFO: PaymentHub: PaymentRequest #20 created for client [FIINWAY Internal] {"provider_order_id":"hub_20_DRcpI","gateway":"cashfree"} 
[2026-09-04 13:11:57] production.INFO: PaymentHub: PaymentRequest #21 created for client [FIINWAY Internal] {"provider_order_id":"hub_21_dsanF","gateway":"phonepe"} 
[2026-09-04 13:17:42] production.INFO: Cashfree Webhook received: {"type":"PAYMENT_USER_DROPPED_WEBHOOK"} 
[2026-09-04 13:17:42] production.INFO: Cashfree Webhook: Hub order [hub_17_5owxD] dispatched to queue.  
[2026-09-04 13:19:17] production.INFO: Cashfree Webhook received: {"type":"PAYMENT_USER_DROPPED_WEBHOOK"} 
[2026-09-04 13:19:17] production.INFO: Cashfree Webhook: Hub order [hub_18_AQVju] dispatched to queue.  
[2026-09-04 13:20:24] production.INFO: Cashfree Webhook received: {"type":"PAYMENT_USER_DROPPED_WEBHOOK"} 
[2026-09-04 13:20:24] production.INFO: Cashfree Webhook: Hub order [hub_18_AQVju] dispatched to queue.  
[2026-09-07 17:32:32] production.INFO: DEMO OTP for 8617624775: 561774  
[2026-09-07 17:33:39] production.INFO: PaymentHub: PaymentRequest #22 created for client [FIINWAY Internal] {"provider_order_id":"hub_22_98ffu","gateway":"cashfree"} 
[2026-09-07 17:34:52] production.INFO: DEMO OTP for 9123828516: 539887  
[2026-09-07 17:35:13] production.INFO: PaymentHub: PaymentRequest #23 created for client [FIINWAY Internal] {"provider_order_id":"hub_23_x2OeY","gateway":"cashfree"} 
[2026-09-07 19:33:56] production.INFO: Cashfree Webhook received: {"type":"PAYMENT_USER_DROPPED_WEBHOOK"} 
[2026-09-07 19:33:56] production.INFO: Cashfree Webhook: Hub order [hub_22_98ffu] dispatched to queue.  
[2026-09-07 19:33:59] production.INFO: Cashfree Webhook received: {"type":"PAYMENT_USER_DROPPED_WEBHOOK"} 
[2026-09-07 19:33:59] production.INFO: Cashfree Webhook: Hub order [hub_22_98ffu] dispatched to queue.  
[2026-09-07 19:34:14] production.INFO: Cashfree Webhook received: {"type":"PAYMENT_USER_DROPPED_WEBHOOK"} 
[2026-09-07 19:34:14] production.INFO: Cashfree Webhook: Hub order [hub_22_98ffu] dispatched to queue.  
[2026-09-07 19:34:43] production.INFO: Cashfree Webhook received: {"type":"PAYMENT_USER_DROPPED_WEBHOOK"} 
[2026-09-07 19:34:43] production.INFO: Cashfree Webhook: Hub order [hub_22_98ffu] dispatched to queue.  
[2026-09-07 19:35:17] production.INFO: Cashfree Webhook received: {"type":"PAYMENT_USER_DROPPED_WEBHOOK"} 
[2026-09-07 19:35:17] production.INFO: Cashfree Webhook: Hub order [hub_22_98ffu] dispatched to queue.  
[2026-09-10 11:00:41] production.ERROR: Command "eval" is not defined. {"exception":"[object] (Symfony\\Component\\Console\\Exception\\CommandNotFoundException(code: 0): Command \"eval\" is not defined. at /home/ubuntu/Desktop/finnwayy/vendor/symfony/console/Application.php:759)
[stacktrace]
#0 /home/ubuntu/Desktop/finnwayy/vendor/symfony/console/Application.php(298): Symfony\\Component\\Console\\Application->find()
#1 /home/ubuntu/Desktop/finnwayy/vendor/symfony/console/Application.php(195): Symfony\\Component\\Console\\Application->doRun()
#2 /home/ubuntu/Desktop/finnwayy/vendor/laravel/framework/src/Illuminate/Foundation/Console/Kernel.php(198): Symfony\\Component\\Console\\Application->run()
#3 /home/ubuntu/Desktop/finnwayy/vendor/laravel/framework/src/Illuminate/Foundation/Application.php(1242): Illuminate\\Foundation\\Console\\Kernel->handle()
#4 /home/ubuntu/Desktop/finnwayy/artisan(16): Illuminate\\Foundation\\Application->handleCommand()
#5 {main}
"} 
[2026-09-10 12:46:51] production.ERROR: syntax error, unexpected token "," (View: /home/ubuntu/Desktop/finnwayy/resources/views/hub/portal/layout.blade.php) (View: /home/ubuntu/Desktop/finnwayy/resources/views/hub/portal/layout.blade.php) {"userId":97,"exception":"[object] (Illuminate\\View\\ViewException(code: 0): syntax error, unexpected token \",\" (View: /home/ubuntu/Desktop/finnwayy/resources/views/hub/portal/layout.blade.php) (View: /home/ubuntu/Desktop/finnwayy/resources/views/hub/portal/layout.blade.php) at /home/ubuntu/Desktop/finnwayy/storage/framework/views/7b43472b28a7ab8ae8ebbe8b2bf58005.php:164)
[stacktrace]
#0 /home/ubuntu/Desktop/finnwayy/vendor/laravel/framework/src/Illuminate/View/Engines/PhpEngine.php(59): Illuminate\\View\\Engines\\CompilerEngine->handleViewException()
#1 /home/ubuntu/Desktop/finnwayy/vendor/laravel/framework/src/Illuminate/View/Engines/CompilerEngine.php(76): Illuminate\\View\\Engines\\PhpEngine->evaluatePath()
#2 /home/ubuntu/Desktop/finnwayy/vendor/laravel/framework/src/Illuminate/View/View.php(208): Illuminate\\View\\Engines\\CompilerEngine->get()
#3 /home/ubuntu/Desktop/finnwayy/vendor/laravel/framework/src/Illuminate/View/View.php(191): Illuminate\\View\\View->getContents()
#4 /home/ubuntu/Desktop/finnwayy/vendor/laravel/framework/src/Illuminate/View/View.php(160): Illuminate\\View\\View->renderContents()
#5 /home/ubuntu/Desktop/finnwayy/vendor/laravel/framework/src/Illuminate/Http/Response.php(82): Illuminate\\View\\View->render()
#6 /home/ubuntu/Desktop/finnwayy/vendor/laravel/framework/src/Illuminate/Http/Response.php(40): Illuminate\\Http\\Response->setContent()
#7 /home/ubuntu/Desktop/finnwayy/vendor/laravel/framework/src/Illuminate/Routing/Router.php(939): Illuminate\\Http\\Response->__construct()
#8 /home/ubuntu/Desktop/finnwayy/vendor/laravel/framework/src/Illuminate/Routing/Router.php(906): Illuminate\\Routing\\Router::toResponse()
#9 /home/ubuntu/Desktop/finnwayy/vendor/laravel/framework/src/Illuminate/Routing/Router.php(821): Illuminate\\Routing\\Router->prepareResponse()
#10 /home/ubuntu/Desktop/finnwayy/vendor/laravel/framework/src/Illuminate/Pipeline/Pipeline.php(180): Illuminate\\Routing\\Router->Illuminate\\Routing\\{closure}()
#11 /home/ubuntu/Desktop/finnwayy/app/Http/Middleware/AdminMiddleware.php(29): Illuminate\\Pipeline\\Pipeline->Illuminate\\Pipeline\\{closure}()
#12 /home/ubuntu/Desktop/finnwayy/vendor/laravel/framework/src/Illuminate/Pipeline/Pipeline.php(219): App\\Http\\Middleware\\AdminMiddleware->handle()
#13 /home/ubuntu/Desktop/finnwayy/vendor/laravel/framework/src/Illuminate/Routing/Middleware/SubstituteBindings.php(52): Illuminate\\Pipeline\\Pipeline->Illuminate\\Pipeline\\{closure}()
#14 /home/ubuntu/Desktop/finnwayy/vendor/laravel/framework/src/Illuminate/Pipeline/Pipeline.php(219): Illuminate\\Routing\\Middleware\\SubstituteBindings->handle()
#15 /home/ubuntu/Desktop/finnwayy/vendor/laravel/framework/src/Illuminate/Auth/Middleware/Authenticate.php(63): Illuminate\\Pipeline\\Pipeline->Illuminate\\Pipeline\\{closure}()
#16 /home/ubuntu/Desktop/finnwayy/vendor/laravel/framework/src/Illuminate/Pipeline/Pipeline.php(219): Illuminate\\Auth\\Middleware\\Authenticate->handle()
#17 /home/ubuntu/Desktop/finnwayy/vendor/laravel/framework/src/Illuminate/Foundation/Http/Middleware/PreventRequestForgery.php(104): Illuminate\\Pipeline\\Pipeline->Illuminate\\Pipeline\\{closure}()
#18 /home/ubuntu/Desktop/finnwayy/vendor/laravel/framework/src/Illuminate/Pipeline/Pipeline.php(219): Illuminate\\Foundation\\Http\\Middleware\\PreventRequestForgery->handle()
#19 /home/ubuntu/Desktop/finnwayy/vendor/laravel/framework/src/Illuminate/View/Middleware/ShareErrorsFromSession.php(48): Illuminate\\Pipeline\\Pipeline->Illuminate\\Pipeline\\{closure}()
#20 /home/ubuntu/Desktop/finnwayy/vendor/laravel/framework/src/Illuminate/Pipeline/Pipeline.php(219): Illuminate\\View\\Middleware\\ShareErrorsFromSession->handle()
#21 /home/ubuntu/Desktop/finnwayy/vendor/laravel/framework/src/Illuminate/Session/Middleware/StartSession.php(120): Illuminate\\Pipeline\\Pipeline->Illuminate\\Pipeline\\{closure}()
#22 /home/ubuntu/Desktop/finnwayy/vendor/laravel/framework/src/Illuminate/Session/Middleware/StartSession.php(63): Illuminate\\Session\\Middleware\\StartSession->handleStatefulRequest()
#23 /home/ubuntu/Desktop/finnwayy/vendor/laravel/framework/src/Illuminate/Pipeline/Pipeline.php(219): Illuminate\\Session\\Middleware\\StartSession->handle()
#24 /home/ubuntu/Desktop/finnwayy/vendor/laravel/framework/src/Illuminate/Cookie/Middleware/AddQueuedCookiesToResponse.php(36): Illuminate\\Pipeline\\Pipeline->Illuminate\\Pipeline\\{closure}()
#25 /home/ubuntu/Desktop/finnwayy/vendor/laravel/framework/src/Illuminate/Pipeline/Pipeline.php(219): Illuminate\\Cookie\\Middleware\\AddQueuedCookiesToResponse->handle()
#26 /home/ubuntu/Desktop/finnwayy/vendor/laravel/framework/src/Illuminate/Cookie/Middleware/EncryptCookies.php(74): Illuminate\\Pipeline\\Pipeline->Illuminate\\Pipeline\\{closure}()
#27 /home/ubuntu/Desktop/finnwayy/vendor/laravel/framework/src/Illuminate/Pipeline/Pipeline.php(219): Illuminate\\Cookie\\Middleware\\EncryptCookies->handle()
#28 /home/ubuntu/Desktop/finnwayy/vendor/laravel/framework/src/Illuminate/Pipeline/Pipeline.php(137): Illuminate\\Pipeline\\Pipeline->Illuminate\\Pipeline\\{closure}()
#29 /home/ubuntu/Desktop/finnwayy/vendor/laravel/framework/src/Illuminate/Routing/Router.php(821): Illuminate\\Pipeline\\Pipeline->then()
#30 /home/ubuntu/Desktop/finnwayy/vendor/laravel/framework/src/Illuminate/Routing/Router.php(800): Illuminate\\Routing\\Router->runRouteWithinStack()
#31 /home/ubuntu/Desktop/finnwayy/vendor/laravel/framework/src/Illuminate/Routing/Router.php(764): Illuminate\\Routing\\Router->runRoute()
#32 /home/ubuntu/Desktop/finnwayy/vendor/laravel/framework/src/Illuminate/Routing/Router.php(753): Illuminate\\Routing\\Router->dispatchToRoute()
#33 /home/ubuntu/Desktop/finnwayy/vendor/laravel/framework/src/Illuminate/Foundation/Http/Kernel.php(200): Illuminate\\Routing\\Router->dispatch()
#34 /home/ubuntu/Desktop/finnwayy/vendor/laravel/framework/src/Illuminate/Pipeline/Pipeline.php(180): Illuminate\\Foundation\\Http\\Kernel->Illuminate\\Foundation\\Http\\{closure}()
#35 /home/ubuntu/Desktop/finnwayy/vendor/laravel/framework/src/Illuminate/Foundation/Http/Middleware/TransformsRequest.php(21): Illuminate\\Pipeline\\Pipeline->Illuminate\\Pipeline\\{closure}()
#36 /home/ubuntu/Desktop/finnwayy/vendor/laravel/framework/src/Illuminate/Foundation/Http/Middleware/ConvertEmptyStringsToNull.php(31): Illuminate\\Foundation\\Http\\Middleware\\TransformsRequest->handle()
#37 /home/ubuntu/Desktop/finnwayy/vendor/laravel/framework/src/Illuminate/Pipeline/Pipeline.php(219): Illuminate\\Foundation\\Http\\Middleware\\ConvertEmptyStringsToNull->handle()
#38 /home/ubuntu/Desktop/finnwayy/vendor/laravel/framework/src/Illuminate/Foundation/Http/Middleware/TransformsRequest.php(21): Illuminate\\Pipeline\\Pipeline->Illuminate\\Pipeline\\{closure}()
#39 /home/ubuntu/Desktop/finnwayy/vendor/laravel/framework/src/Illuminate/Foundation/Http/Middleware/TrimStrings.php(51): Illuminate\\Foundation\\Http\\Middleware\\TransformsRequest->handle()
#40 /home/ubuntu/Desktop/finnwayy/vendor/laravel/framework/src/Illuminate/Pipeline/Pipeline.php(219): Illuminate\\Foundation\\Http\\Middleware\\TrimStrings->handle()
#41 /home/ubuntu/Desktop/finnwayy/vendor/laravel/framework/src/Illuminate/Http/Middleware/ValidatePostSize.php(27): Illuminate\\Pipeline\\Pipeline->Illuminate\\Pipeline\\{closure}()
#42 /home/ubuntu/Desktop/finnwayy/vendor/laravel/framework/src/Illuminate/Pipeline/Pipeline.php(219): Illuminate\\Http\\Middleware\\ValidatePostSize->handle()
#43 /home/ubuntu/Desktop/finnwayy/vendor/laravel/framework/src/Illuminate/Foundation/Http/Middleware/PreventRequestsDuringMaintenance.php(110): Illuminate\\Pipeline\\Pipeline->Illuminate\\Pipeline\\{closure}()
#44 /home/ubuntu/Desktop/finnwayy/vendor/laravel/framework/src/Illuminate/Pipeline/Pipeline.php(219): Illuminate\\Foundation\\Http\\Middleware\\PreventRequestsDuringMaintenance->handle()
#45 /home/ubuntu/Desktop/finnwayy/vendor/laravel/framework/src/Illuminate/Http/Middleware/HandleCors.php(61): Illuminate\\Pipeline\\Pipeline->Illuminate\\Pipeline\\{closure}()
#46 /home/ubuntu/Desktop/finnwayy/vendor/laravel/framework/src/Illuminate/Pipeline/Pipeline.php(219): Illuminate\\Http\\Middleware\\HandleCors->handle()
#47 /home/ubuntu/Desktop/finnwayy/vendor/laravel/framework/src/Illuminate/Http/Middleware/TrustProxies.php(58): Illuminate\\Pipeline\\Pipeline->Illuminate\\Pipeline\\{closure}()
#48 /home/ubuntu/Desktop/finnwayy/vendor/laravel/framework/src/Illuminate/Pipeline/Pipeline.php(219): Illuminate\\Http\\Middleware\\TrustProxies->handle()
#49 /home/ubuntu/Desktop/finnwayy/vendor/laravel/framework/src/Illuminate/Foundation/Http/Middleware/InvokeDeferredCallbacks.php(22): Illuminate\\Pipeline\\Pipeline->Illuminate\\Pipeline\\{closure}()
#50 /home/ubuntu/Desktop/finnwayy/vendor/laravel/framework/src/Illuminate/Pipeline/Pipeline.php(219): Illuminate\\Foundation\\Http\\Middleware\\InvokeDeferredCallbacks->handle()
#51 /home/ubuntu/Desktop/finnwayy/vendor/laravel/framework/src/Illuminate/Http/Middleware/ValidatePathEncoding.php(28): Illuminate\\Pipeline\\Pipeline->Illuminate\\Pipeline\\{closure}()
#52 /home/ubuntu/Desktop/finnwayy/vendor/laravel/framework/src/Illuminate/Pipeline/Pipeline.php(219): Illuminate\\Http\\Middleware\\ValidatePathEncoding->handle()
#53 /home/ubuntu/Desktop/finnwayy/vendor/laravel/framework/src/Illuminate/Pipeline/Pipeline.php(137): Illuminate\\Pipeline\\Pipeline->Illuminate\\Pipeline\\{closure}()
#54 /home/ubuntu/Desktop/finnwayy/vendor/laravel/framework/src/Illuminate/Foundation/Http/Kernel.php(175): Illuminate\\Pipeline\\Pipeline->then()
#55 /home/ubuntu/Desktop/finnwayy/vendor/laravel/framework/src/Illuminate/Foundation/Http/Kernel.php(144): Illuminate\\Foundation\\Http\\Kernel->sendRequestThroughRouter()
#56 /home/ubuntu/Desktop/finnwayy/vendor/laravel/framework/src/Illuminate/Foundation/Application.php(1227): Illuminate\\Foundation\\Http\\Kernel->handle()
#57 /home/ubuntu/Desktop/finnwayy/public/index.php(20): Illuminate\\Foundation\\Application->handleRequest()
#58 /home/ubuntu/Desktop/finnwayy/vendor/laravel/framework/src/Illuminate/Foundation/resources/server.php(23): require_once('...')
#59 {main}

[previous exception] [object] (Illuminate\\View\\ViewException(code: 0): syntax error, unexpected token \",\" (View: /home/ubuntu/Desktop/finnwayy/resources/views/hub/portal/layout.blade.php) at /home/ubuntu/Desktop/finnwayy/storage/framework/views/7b43472b28a7ab8ae8ebbe8b2bf58005.php:164)
[stacktrace]
#0 /home/ubuntu/Desktop/finnwayy/vendor/laravel/framework/src/Illuminate/View/Engines/PhpEngine.php(59): Illuminate\\View\\Engines\\CompilerEngine->handleViewException()
#1 /home/ubuntu/Desktop/finnwayy/vendor/laravel/framework/src/Illuminate/View/Engines/CompilerEngine.php(76): Illuminate\\View\\Engines\\PhpEngine->evaluatePath()
#2 /home/ubuntu/Desktop/finnwayy/vendor/laravel/framework/src/Illuminate/View/View.php(208): Illuminate\\View\\Engines\\CompilerEngine->get()
#3 /home/ubuntu/Desktop/finnwayy/vendor/laravel/framework/src/Illuminate/View/View.php(191): Illuminate\\View\\View->getContents()
#4 /home/ubuntu/Desktop/finnwayy/vendor/laravel/framework/src/Illuminate/View/View.php(160): Illuminate\\View\\View->renderContents()
#5 /home/ubuntu/Desktop/finnwayy/storage/framework/views/61f8b692d4385b314bd417ea4d5071df.php(96): Illuminate\\View\\View->render()
#6 /home/ubuntu/Desktop/finnwayy/vendor/laravel/framework/src/Illuminate/Filesystem/Filesystem.php(123): require('...')
#7 /home/ubuntu/Desktop/finnwayy/vendor/laravel/framework/src/Illuminate/Filesystem/Filesystem.php(124): Illuminate\\Filesystem\\Filesystem::Illuminate\\Filesystem\\{closure}()
#8 /home/ubuntu/Desktop/finnwayy/vendor/laravel/framework/src/Illuminate/View/Engines/PhpEngine.php(57): Illuminate\\Filesystem\\Filesystem->getRequire()
#9 /home/ubuntu/Desktop/finnwayy/vendor/laravel/framework/src/Illuminate/View/Engines/CompilerEngine.php(76): Illuminate\\View\\Engines\\PhpEngine->evaluatePath()
#10 /home/ubuntu/Desktop/finnwayy/vendor/laravel/framework/src/Illuminate/View/View.php(208): Illuminate\\View\\Engines\\CompilerEngine->get()
#11 /home/ubuntu/Desktop/finnwayy/vendor/laravel/framework/src/Illuminate/View/View.php(191): Illuminate\\View\\View->getContents()
#12 /home/ubuntu/Desktop/finnwayy/vendor/laravel/framework/src/Illuminate/View/View.php(160): Illuminate\\View\\View->renderContents()
#13 /home/ubuntu/Desktop/finnwayy/vendor/laravel/framework/src/Illuminate/Http/Response.php(82): Illuminate\\View\\View->render()
#14 /home/ubuntu/Desktop/finnwayy/vendor/laravel/framework/src/Illuminate/Http/Response.php(40): Illuminate\\Http\\Response->setContent()
#15 /home/ubuntu/Desktop/finnwayy/vendor/laravel/framework/src/Illuminate/Routing/Router.php(939): Illuminate\\Http\\Response->__construct()
#16 /home/ubuntu/Desktop/finnwayy/vendor/laravel/framework/src/Illuminate/Routing/Router.php(906): Illuminate\\Routing\\Router::toResponse()
#17 /home/ubuntu/Desktop/finnwayy/vendor/laravel/framework/src/Illuminate/Routing/Router.php(821): Illuminate\\Routing\\Router->prepareResponse()
#18 /home/ubuntu/Desktop/finnwayy/vendor/laravel/framework/src/Illuminate/Pipeline/Pipeline.php(180): Illuminate\\Routing\\Router->Illuminate\\Routing\\{closure}()
#19 /home/ubuntu/Desktop/finnwayy/app/Http/Middleware/AdminMiddleware.php(29): Illuminate\\Pipeline\\Pipeline->Illuminate\\Pipeline\\{closure}()
#20 /home/ubuntu/Desktop/finnwayy/vendor/laravel/framework/src/Illuminate/Pipeline/Pipeline.php(219): App\\Http\\Middleware\\AdminMiddleware->handle()
#21 /home/ubuntu/Desktop/finnwayy/vendor/laravel/framework/src/Illuminate/Routing/Middleware/SubstituteBindings.php(52): Illuminate\\Pipeline\\Pipeline->Illuminate\\Pipeline\\{closure}()
#22 /home/ubuntu/Desktop/finnwayy/vendor/laravel/framework/src/Illuminate/Pipeline/Pipeline.php(219): Illuminate\\Routing\\Middleware\\SubstituteBindings->handle()
#23 /home/ubuntu/Desktop/finnwayy/vendor/laravel/framework/src/Illuminate/Auth/Middleware/Authenticate.php(63): Illuminate\\Pipeline\\Pipeline->Illuminate\\Pipeline\\{closure}()
#24 /home/ubuntu/Desktop/finnwayy/vendor/laravel/framework/src/Illuminate/Pipeline/Pipeline.php(219): Illuminate\\Auth\\Middleware\\Authenticate->handle()
#25 /home/ubuntu/Desktop/finnwayy/vendor/laravel/framework/src/Illuminate/Foundation/Http/Middleware/PreventRequestForgery.php(104): Illuminate\\Pipeline\\Pipeline->Illuminate\\Pipeline\\{closure}()
#26 /home/ubuntu/Desktop/finnwayy/vendor/laravel/framework/src/Illuminate/Pipeline/Pipeline.php(219): Illuminate\\Foundation\\Http\\Middleware\\PreventRequestForgery->handle()
#27 /home/ubuntu/Desktop/finnwayy/vendor/laravel/framework/src/Illuminate/View/Middleware/ShareErrorsFromSession.php(48): Illuminate\\Pipeline\\Pipeline->Illuminate\\Pipeline\\{closure}()
#28 /home/ubuntu/Desktop/finnwayy/vendor/laravel/framework/src/Illuminate/Pipeline/Pipeline.php(219): Illuminate\\View\\Middleware\\ShareErrorsFromSession->handle()
#29 /home/ubuntu/Desktop/finnwayy/vendor/laravel/framework/src/Illuminate/Session/Middleware/StartSession.php(120): Illuminate\\Pipeline\\Pipeline->Illuminate\\Pipeline\\{closure}()
#30 /home/ubuntu/Desktop/finnwayy/vendor/laravel/framework/src/Illuminate/Session/Middleware/StartSession.php(63): Illuminate\\Session\\Middleware\\StartSession->handleStatefulRequest()
#31 /home/ubuntu/Desktop/finnwayy/vendor/laravel/framework/src/Illuminate/Pipeline/Pipeline.php(219): Illuminate\\Session\\Middleware\\StartSession->handle()
#32 /home/ubuntu/Desktop/finnwayy/vendor/laravel/framework/src/Illuminate/Cookie/Middleware/AddQueuedCookiesToResponse.php(36): Illuminate\\Pipeline\\Pipeline->Illuminate\\Pipeline\\{closure}()
#33 /home/ubuntu/Desktop/finnwayy/vendor/laravel/framework/src/Illuminate/Pipeline/Pipeline.php(219): Illuminate\\Cookie\\Middleware\\AddQueuedCookiesToResponse->handle()
#34 /home/ubuntu/Desktop/finnwayy/vendor/laravel/framework/src/Illuminate/Cookie/Middleware/EncryptCookies.php(74): Illuminate\\Pipeline\\Pipeline->Illuminate\\Pipeline\\{closure}()
#35 /home/ubuntu/Desktop/finnwayy/vendor/laravel/framework/src/Illuminate/Pipeline/Pipeline.php(219): Illuminate\\Cookie\\Middleware\\EncryptCookies->handle()
#36 /home/ubuntu/Desktop/finnwayy/vendor/laravel/framework/src/Illuminate/Pipeline/Pipeline.php(137): Illuminate\\Pipeline\\Pipeline->Illuminate\\Pipeline\\{closure}()
#37 /home/ubuntu/Desktop/finnwayy/vendor/laravel/framework/src/Illuminate/Routing/Router.php(821): Illuminate\\Pipeline\\Pipeline->then()
#38 /home/ubuntu/Desktop/finnwayy/vendor/laravel/framework/src/Illuminate/Routing/Router.php(800): Illuminate\\Routing\\Router->runRouteWithinStack()
#39 /home/ubuntu/Desktop/finnwayy/vendor/laravel/framework/src/Illuminate/Routing/Router.php(764): Illuminate\\Routing\\Router->runRoute()
#40 /home/ubuntu/Desktop/finnwayy/vendor/laravel/framework/src/Illuminate/Routing/Router.php(753): Illuminate\\Routing\\Router->dispatchToRoute()
#41 /home/ubuntu/Desktop/finnwayy/vendor/laravel/framework/src/Illuminate/Foundation/Http/Kernel.php(200): Illuminate\\Routing\\Router->dispatch()
#42 /home/ubuntu/Desktop/finnwayy/vendor/laravel/framework/src/Illuminate/Pipeline/Pipeline.php(180): Illuminate\\Foundation\\Http\\Kernel->Illuminate\\Foundation\\Http\\{closure}()
#43 /home/ubuntu/Desktop/finnwayy/vendor/laravel/framework/src/Illuminate/Foundation/Http/Middleware/TransformsRequest.php(21): Illuminate\\Pipeline\\Pipeline->Illuminate\\Pipeline\\{closure}()
#44 /home/ubuntu/Desktop/finnwayy/vendor/laravel/framework/src/Illuminate/Foundation/Http/Middleware/ConvertEmptyStringsToNull.php(31): Illuminate\\Foundation\\Http\\Middleware\\TransformsRequest->handle()
#45 /home/ubuntu/Desktop/finnwayy/vendor/laravel/framework/src/Illuminate/Pipeline/Pipeline.php(219): Illuminate\\Foundation\\Http\\Middleware\\ConvertEmptyStringsToNull->handle()
#46 /home/ubuntu/Desktop/finnwayy/vendor/laravel/framework/src/Illuminate/Foundation/Http/Middleware/TransformsRequest.php(21): Illuminate\\Pipeline\\Pipeline->Illuminate\\Pipeline\\{closure}()
#47 /home/ubuntu/Desktop/finnwayy/vendor/laravel/framework/src/Illuminate/Foundation/Http/Middleware/TrimStrings.php(51): Illuminate\\Foundation\\Http\\Middleware\\TransformsRequest->handle()
#48 /home/ubuntu/Desktop/finnwayy/vendor/laravel/framework/src/Illuminate/Pipeline/Pipeline.php(219): Illuminate\\Foundation\\Http\\Middleware\\TrimStrings->handle()
#49 /home/ubuntu/Desktop/finnwayy/vendor/laravel/framework/src/Illuminate/Http/Middleware/ValidatePostSize.php(27): Illuminate\\Pipeline\\Pipeline->Illuminate\\Pipeline\\{closure}()
#50 /home/ubuntu/Desktop/finnwayy/vendor/laravel/framework/src/Illuminate/Pipeline/Pipeline.php(219): Illuminate\\Http\\Middleware\\ValidatePostSize->handle()
#51 /home/ubuntu/Desktop/finnwayy/vendor/laravel/framework/src/Illuminate/Foundation/Http/Middleware/PreventRequestsDuringMaintenance.php(110): Illuminate\\Pipeline\\Pipeline->Illuminate\\Pipeline\\{closure}()
#52 /home/ubuntu/Desktop/finnwayy/vendor/laravel/framework/src/Illuminate/Pipeline/Pipeline.php(219): Illuminate\\Foundation\\Http\\Middleware\\PreventRequestsDuringMaintenance->handle()
#53 /home/ubuntu/Desktop/finnwayy/vendor/laravel/framework/src/Illuminate/Http/Middleware/HandleCors.php(61): Illuminate\\Pipeline\\Pipeline->Illuminate\\Pipeline\\{closure}()
#54 /home/ubuntu/Desktop/finnwayy/vendor/laravel/framework/src/Illuminate/Pipeline/Pipeline.php(219): Illuminate\\Http\\Middleware\\HandleCors->handle()
#55 /home/ubuntu/Desktop/finnwayy/vendor/laravel/framework/src/Illuminate/Http/Middleware/TrustProxies.php(58): Illuminate\\Pipeline\\Pipeline->Illuminate\\Pipeline\\{closure}()
#56 /home/ubuntu/Desktop/finnwayy/vendor/laravel/framework/src/Illuminate/Pipeline/Pipeline.php(219): Illuminate\\Http\\Middleware\\TrustProxies->handle()
#57 /home/ubuntu/Desktop/finnwayy/vendor/laravel/framework/src/Illuminate/Foundation/Http/Middleware/InvokeDeferredCallbacks.php(22): Illuminate\\Pipeline\\Pipeline->Illuminate\\Pipeline\\{closure}()
#58 /home/ubuntu/Desktop/finnwayy/vendor/laravel/framework/src/Illuminate/Pipeline/Pipeline.php(219): Illuminate\\Foundation\\Http\\Middleware\\InvokeDeferredCallbacks->handle()
#59 /home/ubuntu/Desktop/finnwayy/vendor/laravel/framework/src/Illuminate/Http/Middleware/ValidatePathEncoding.php(28): Illuminate\\Pipeline\\Pipeline->Illuminate\\Pipeline\\{closure}()
#60 /home/ubuntu/Desktop/finnwayy/vendor/laravel/framework/src/Illuminate/Pipeline/Pipeline.php(219): Illuminate\\Http\\Middleware\\ValidatePathEncoding->handle()
#61 /home/ubuntu/Desktop/finnwayy/vendor/laravel/framework/src/Illuminate/Pipeline/Pipeline.php(137): Illuminate\\Pipeline\\Pipeline->Illuminate\\Pipeline\\{closure}()
#62 /home/ubuntu/Desktop/finnwayy/vendor/laravel/framework/src/Illuminate/Foundation/Http/Kernel.php(175): Illuminate\\Pipeline\\Pipeline->then()
#63 /home/ubuntu/Desktop/finnwayy/vendor/laravel/framework/src/Illuminate/Foundation/Http/Kernel.php(144): Illuminate\\Foundation\\Http\\Kernel->sendRequestThroughRouter()
#64 /home/ubuntu/Desktop/finnwayy/vendor/laravel/framework/src/Illuminate/Foundation/Application.php(1227): Illuminate\\Foundation\\Http\\Kernel->handle()
#65 /home/ubuntu/Desktop/finnwayy/public/index.php(20): Illuminate\\Foundation\\Application->handleRequest()
#66 /home/ubuntu/Desktop/finnwayy/vendor/laravel/framework/src/Illuminate/Foundation/resources/server.php(23): require_once('...')
#67 {main}

[previous exception] [object] (ParseError(code: 0): syntax error, unexpected token \",\" at /home/ubuntu/Desktop/finnwayy/storage/framework/views/7b43472b28a7ab8ae8ebbe8b2bf58005.php:164)
[stacktrace]
#0 /home/ubuntu/Desktop/finnwayy/vendor/laravel/framework/src/Illuminate/Filesystem/Filesystem.php(124): Illuminate\\Filesystem\\Filesystem::Illuminate\\Filesystem\\{closure}()
#1 /home/ubuntu/Desktop/finnwayy/vendor/laravel/framework/src/Illuminate/View/Engines/PhpEngine.php(57): Illuminate\\Filesystem\\Filesystem->getRequire()
#2 /home/ubuntu/Desktop/finnwayy/vendor/laravel/framework/src/Illuminate/View/Engines/CompilerEngine.php(76): Illuminate\\View\\Engines\\PhpEngine->evaluatePath()
#3 /home/ubuntu/Desktop/finnwayy/vendor/laravel/framework/src/Illuminate/View/View.php(208): Illuminate\\View\\Engines\\CompilerEngine->get()
#4 /home/ubuntu/Desktop/finnwayy/vendor/laravel/framework/src/Illuminate/View/View.php(191): Illuminate\\View\\View->getContents()
#5 /home/ubuntu/Desktop/finnwayy/vendor/laravel/framework/src/Illuminate/View/View.php(160): Illuminate\\View\\View->renderContents()
#6 /home/ubuntu/Desktop/finnwayy/storage/framework/views/61f8b692d4385b314bd417ea4d5071df.php(96): Illuminate\\View\\View->render()
#7 /home/ubuntu/Desktop/finnwayy/vendor/laravel/framework/src/Illuminate/Filesystem/Filesystem.php(123): require('...')
#8 /home/ubuntu/Desktop/finnwayy/vendor/laravel/framework/src/Illuminate/Filesystem/Filesystem.php(124): Illuminate\\Filesystem\\Filesystem::Illuminate\\Filesystem\\{closure}()
#9 /home/ubuntu/Desktop/finnwayy/vendor/laravel/framework/src/Illuminate/View/Engines/PhpEngine.php(57): Illuminate\\Filesystem\\Filesystem->getRequire()
#10 /home/ubuntu/Desktop/finnwayy/vendor/laravel/framework/src/Illuminate/View/Engines/CompilerEngine.php(76): Illuminate\\View\\Engines\\PhpEngine->evaluatePath()
#11 /home/ubuntu/Desktop/finnwayy/vendor/laravel/framework/src/Illuminate/View/View.php(208): Illuminate\\View\\Engines\\CompilerEngine->get()
#12 /home/ubuntu/Desktop/finnwayy/vendor/laravel/framework/src/Illuminate/View/View.php(191): Illuminate\\View\\View->getContents()
#13 /home/ubuntu/Desktop/finnwayy/vendor/laravel/framework/src/Illuminate/View/View.php(160): Illuminate\\View\\View->renderContents()
#14 /home/ubuntu/Desktop/finnwayy/vendor/laravel/framework/src/Illuminate/Http/Response.php(82): Illuminate\\View\\View->render()
#15 /home/ubuntu/Desktop/finnwayy/vendor/laravel/framework/src/Illuminate/Http/Response.php(40): Illuminate\\Http\\Response->setContent()
#16 /home/ubuntu/Desktop/finnwayy/vendor/laravel/framework/src/Illuminate/Routing/Router.php(939): Illuminate\\Http\\Response->__construct()
#17 /home/ubuntu/Desktop/finnwayy/vendor/laravel/framework/src/Illuminate/Routing/Router.php(906): Illuminate\\Routing\\Router::toResponse()
#18 /home/ubuntu/Desktop/finnwayy/vendor/laravel/framework/src/Illuminate/Routing/Router.php(821): Illuminate\\Routing\\Router->prepareResponse()
#19 /home/ubuntu/Desktop/finnwayy/vendor/laravel/framework/src/Illuminate/Pipeline/Pipeline.php(180): Illuminate\\Routing\\Router->Illuminate\\Routing\\{closure}()
#20 /home/ubuntu/Desktop/finnwayy/app/Http/Middleware/AdminMiddleware.php(29): Illuminate\\Pipeline\\Pipeline->Illuminate\\Pipeline\\{closure}()
#21 /home/ubuntu/Desktop/finnwayy/vendor/laravel/framework/src/Illuminate/Pipeline/Pipeline.php(219): App\\Http\\Middleware\\AdminMiddleware->handle()
#22 /home/ubuntu/Desktop/finnwayy/vendor/laravel/framework/src/Illuminate/Routing/Middleware/SubstituteBindings.php(52): Illuminate\\Pipeline\\Pipeline->Illuminate\\Pipeline\\{closure}()
#23 /home/ubuntu/Desktop/finnwayy/vendor/laravel/framework/src/Illuminate/Pipeline/Pipeline.php(219): Illuminate\\Routing\\Middleware\\SubstituteBindings->handle()
#24 /home/ubuntu/Desktop/finnwayy/vendor/laravel/framework/src/Illuminate/Auth/Middleware/Authenticate.php(63): Illuminate\\Pipeline\\Pipeline->Illuminate\\Pipeline\\{closure}()
#25 /home/ubuntu/Desktop/finnwayy/vendor/laravel/framework/src/Illuminate/Pipeline/Pipeline.php(219): Illuminate\\Auth\\Middleware\\Authenticate->handle()
#26 /home/ubuntu/Desktop/finnwayy/vendor/laravel/framework/src/Illuminate/Foundation/Http/Middleware/PreventRequestForgery.php(104): Illuminate\\Pipeline\\Pipeline->Illuminate\\Pipeline\\{closure}()
#27 /home/ubuntu/Desktop/finnwayy/vendor/laravel/framework/src/Illuminate/Pipeline/Pipeline.php(219): Illuminate\\Foundation\\Http\\Middleware\\PreventRequestForgery->handle()
#28 /home/ubuntu/Desktop/finnwayy/vendor/laravel/framework/src/Illuminate/View/Middleware/ShareErrorsFromSession.php(48): Illuminate\\Pipeline\\Pipeline->Illuminate\\Pipeline\\{closure}()
#29 /home/ubuntu/Desktop/finnwayy/vendor/laravel/framework/src/Illuminate/Pipeline/Pipeline.php(219): Illuminate\\View\\Middleware\\ShareErrorsFromSession->handle()
#30 /home/ubuntu/Desktop/finnwayy/vendor/laravel/framework/src/Illuminate/Session/Middleware/StartSession.php(120): Illuminate\\Pipeline\\Pipeline->Illuminate\\Pipeline\\{closure}()
#31 /home/ubuntu/Desktop/finnwayy/vendor/laravel/framework/src/Illuminate/Session/Middleware/StartSession.php(63): Illuminate\\Session\\Middleware\\StartSession->handleStatefulRequest()
#32 /home/ubuntu/Desktop/finnwayy/vendor/laravel/framework/src/Illuminate/Pipeline/Pipeline.php(219): Illuminate\\Session\\Middleware\\StartSession->handle()
#33 /home/ubuntu/Desktop/finnwayy/vendor/laravel/framework/src/Illuminate/Cookie/Middleware/AddQueuedCookiesToResponse.php(36): Illuminate\\Pipeline\\Pipeline->Illuminate\\Pipeline\\{closure}()
#34 /home/ubuntu/Desktop/finnwayy/vendor/laravel/framework/src/Illuminate/Pipeline/Pipeline.php(219): Illuminate\\Cookie\\Middleware\\AddQueuedCookiesToResponse->handle()
#35 /home/ubuntu/Desktop/finnwayy/vendor/laravel/framework/src/Illuminate/Cookie/Middleware/EncryptCookies.php(74): Illuminate\\Pipeline\\Pipeline->Illuminate\\Pipeline\\{closure}()
#36 /home/ubuntu/Desktop/finnwayy/vendor/laravel/framework/src/Illuminate/Pipeline/Pipeline.php(219): Illuminate\\Cookie\\Middleware\\EncryptCookies->handle()
#37 /home/ubuntu/Desktop/finnwayy/vendor/laravel/framework/src/Illuminate/Pipeline/Pipeline.php(137): Illuminate\\Pipeline\\Pipeline->Illuminate\\Pipeline\\{closure}()
#38 /home/ubuntu/Desktop/finnwayy/vendor/laravel/framework/src/Illuminate/Routing/Router.php(821): Illuminate\\Pipeline\\Pipeline->then()
#39 /home/ubuntu/Desktop/finnwayy/vendor/laravel/framework/src/Illuminate/Routing/Router.php(800): Illuminate\\Routing\\Router->runRouteWithinStack()
#40 /home/ubuntu/Desktop/finnwayy/vendor/laravel/framework/src/Illuminate/Routing/Router.php(764): Illuminate\\Routing\\Router->runRoute()
#41 /home/ubuntu/Desktop/finnwayy/vendor/laravel/framework/src/Illuminate/Routing/Router.php(753): Illuminate\\Routing\\Router->dispatchToRoute()
#42 /home/ubuntu/Desktop/finnwayy/vendor/laravel/framework/src/Illuminate/Foundation/Http/Kernel.php(200): Illuminate\\Routing\\Router->dispatch()
#43 /home/ubuntu/Desktop/finnwayy/vendor/laravel/framework/src/Illuminate/Pipeline/Pipeline.php(180): Illuminate\\Foundation\\Http\\Kernel->Illuminate\\Foundation\\Http\\{closure}()
#44 /home/ubuntu/Desktop/finnwayy/vendor/laravel/framework/src/Illuminate/Foundation/Http/Middleware/TransformsRequest.php(21): Illuminate\\Pipeline\\Pipeline->Illuminate\\Pipeline\\{closure}()
#45 /home/ubuntu/Desktop/finnwayy/vendor/laravel/framework/src/Illuminate/Foundation/Http/Middleware/ConvertEmptyStringsToNull.php(31): Illuminate\\Foundation\\Http\\Middleware\\TransformsRequest->handle()
#46 /home/ubuntu/Desktop/finnwayy/vendor/laravel/framework/src/Illuminate/Pipeline/Pipeline.php(219): Illuminate\\Foundation\\Http\\Middleware\\ConvertEmptyStringsToNull->handle()
#47 /home/ubuntu/Desktop/finnwayy/vendor/laravel/framework/src/Illuminate/Foundation/Http/Middleware/TransformsRequest.php(21): Illuminate\\Pipeline\\Pipeline->Illuminate\\Pipeline\\{closure}()
#48 /home/ubuntu/Desktop/finnwayy/vendor/laravel/framework/src/Illuminate/Foundation/Http/Middleware/TrimStrings.php(51): Illuminate\\Foundation\\Http\\Middleware\\TransformsRequest->handle()
#49 /home/ubuntu/Desktop/finnwayy/vendor/laravel/framework/src/Illuminate/Pipeline/Pipeline.php(219): Illuminate\\Foundation\\Http\\Middleware\\TrimStrings->handle()
#50 /home/ubuntu/Desktop/finnwayy/vendor/laravel/framework/src/Illuminate/Http/Middleware/ValidatePostSize.php(27): Illuminate\\Pipeline\\Pipeline->Illuminate\\Pipeline\\{closure}()
#51 /home/ubuntu/Desktop/finnwayy/vendor/laravel/framework/src/Illuminate/Pipeline/Pipeline.php(219): Illuminate\\Http\\Middleware\\ValidatePostSize->handle()
#52 /home/ubuntu/Desktop/finnwayy/vendor/laravel/framework/src/Illuminate/Foundation/Http/Middleware/PreventRequestsDuringMaintenance.php(110): Illuminate\\Pipeline\\Pipeline->Illuminate\\Pipeline\\{closure}()
#53 /home/ubuntu/Desktop/finnwayy/vendor/laravel/framework/src/Illuminate/Pipeline/Pipeline.php(219): Illuminate\\Foundation\\Http\\Middleware\\PreventRequestsDuringMaintenance->handle()
#54 /home/ubuntu/Desktop/finnwayy/vendor/laravel/framework/src/Illuminate/Http/Middleware/HandleCors.php(61): Illuminate\\Pipeline\\Pipeline->Illuminate\\Pipeline\\{closure}()
#55 /home/ubuntu/Desktop/finnwayy/vendor/laravel/framework/src/Illuminate/Pipeline/Pipeline.php(219): Illuminate\\Http\\Middleware\\HandleCors->handle()
#56 /home/ubuntu/Desktop/finnwayy/vendor/laravel/framework/src/Illuminate/Http/Middleware/TrustProxies.php(58): Illuminate\\Pipeline\\Pipeline->Illuminate\\Pipeline\\{closure}()
#57 /home/ubuntu/Desktop/finnwayy/vendor/laravel/framework/src/Illuminate/Pipeline/Pipeline.php(219): Illuminate\\Http\\Middleware\\TrustProxies->handle()
#58 /home/ubuntu/Desktop/finnwayy/vendor/laravel/framework/src/Illuminate/Foundation/Http/Middleware/InvokeDeferredCallbacks.php(22): Illuminate\\Pipeline\\Pipeline->Illuminate\\Pipeline\\{closure}()
#59 /home/ubuntu/Desktop/finnwayy/vendor/laravel/framework/src/Illuminate/Pipeline/Pipeline.php(219): Illuminate\\Foundation\\Http\\Middleware\\InvokeDeferredCallbacks->handle()
#60 /home/ubuntu/Desktop/finnwayy/vendor/laravel/framework/src/Illuminate/Http/Middleware/ValidatePathEncoding.php(28): Illuminate\\Pipeline\\Pipeline->Illuminate\\Pipeline\\{closure}()
#61 /home/ubuntu/Desktop/finnwayy/vendor/laravel/framework/src/Illuminate/Pipeline/Pipeline.php(219): Illuminate\\Http\\Middleware\\ValidatePathEncoding->handle()
#62 /home/ubuntu/Desktop/finnwayy/vendor/laravel/framework/src/Illuminate/Pipeline/Pipeline.php(137): Illuminate\\Pipeline\\Pipeline->Illuminate\\Pipeline\\{closure}()
#63 /home/ubuntu/Desktop/finnwayy/vendor/laravel/framework/src/Illuminate/Foundation/Http/Kernel.php(175): Illuminate\\Pipeline\\Pipeline->then()
#64 /home/ubuntu/Desktop/finnwayy/vendor/laravel/framework/src/Illuminate/Foundation/Http/Kernel.php(144): Illuminate\\Foundation\\Http\\Kernel->sendRequestThroughRouter()
#65 /home/ubuntu/Desktop/finnwayy/vendor/laravel/framework/src/Illuminate/Foundation/Application.php(1227): Illuminate\\Foundation\\Http\\Kernel->handle()
#66 /home/ubuntu/Desktop/finnwayy/public/index.php(20): Illuminate\\Foundation\\Application->handleRequest()
#67 /home/ubuntu/Desktop/finnwayy/vendor/laravel/framework/src/Illuminate/Foundation/resources/server.php(23): require_once('...')
#68 {main}
"} 
[2026-09-10 12:46:55] production.ERROR: syntax error, unexpected token "," (View: /home/ubuntu/Desktop/finnwayy/resources/views/hub/portal/layout.blade.php) (View: /home/ubuntu/Desktop/finnwayy/resources/views/hub/portal/layout.blade.php) {"userId":97,"exception":"[object] (Illuminate\\View\\ViewException(code: 0): syntax error, unexpected token \",\" (View: /home/ubuntu/Desktop/finnwayy/resources/views/hub/portal/layout.blade.php) (View: /home/ubuntu/Desktop/finnwayy/resources/views/hub/portal/layout.blade.php) at /home/ubuntu/Desktop/finnwayy/storage/framework/views/7b43472b28a7ab8ae8ebbe8b2bf58005.php:164)
[stacktrace]
#0 /home/ubuntu/Desktop/finnwayy/vendor/laravel/framework/src/Illuminate/View/Engines/PhpEngine.php(59): Illuminate\\View\\Engines\\CompilerEngine->handleViewException()
#1 /home/ubuntu/Desktop/finnwayy/vendor/laravel/framework/src/Illuminate/View/Engines/CompilerEngine.php(76): Illuminate\\View\\Engines\\PhpEngine->evaluatePath()
#2 /home/ubuntu/Desktop/finnwayy/vendor/laravel/framework/src/Illuminate/View/View.php(208): Illuminate\\View\\Engines\\CompilerEngine->get()
#3 /home/ubuntu/Desktop/finnwayy/vendor/laravel/framework/src/Illuminate/View/View.php(191): Illuminate\\View\\View->getContents()
#4 /home/ubuntu/Desktop/finnwayy/vendor/laravel/framework/src/Illuminate/View/View.php(160): Illuminate\\View\\View->renderContents()
#5 /home/ubuntu/Desktop/finnwayy/vendor/laravel/framework/src/Illuminate/Http/Response.php(82): Illuminate\\View\\View->render()
#6 /home/ubuntu/Desktop/finnwayy/vendor/laravel/framework/src/Illuminate/Http/Response.php(40): Illuminate\\Http\\Response->setContent()
#7 /home/ubuntu/Desktop/finnwayy/vendor/laravel/framework/src/Illuminate/Routing/Router.php(939): Illuminate\\Http\\Response->__construct()
#8 /home/ubuntu/Desktop/finnwayy/vendor/laravel/framework/src/Illuminate/Routing/Router.php(906): Illuminate\\Routing\\Router::toResponse()
#9 /home/ubuntu/Desktop/finnwayy/vendor/laravel/framework/src/Illuminate/Routing/Router.php(821): Illuminate\\Routing\\Router->prepareResponse()
#10 /home/ubuntu/Desktop/finnwayy/vendor/laravel/framework/src/Illuminate/Pipeline/Pipeline.php(180): Illuminate\\Routing\\Router->Illuminate\\Routing\\{closure}()
#11 /home/ubuntu/Desktop/finnwayy/app/Http/Middleware/AdminMiddleware.php(29): Illuminate\\Pipeline\\Pipeline->Illuminate\\Pipeline\\{closure}()
#12 /home/ubuntu/Desktop/finnwayy/vendor/laravel/framework/src/Illuminate/Pipeline/Pipeline.php(219): App\\Http\\Middleware\\AdminMiddleware->handle()
#13 /home/ubuntu/Desktop/finnwayy/vendor/laravel/framework/src/Illuminate/Routing/Middleware/SubstituteBindings.php(52): Illuminate\\Pipeline\\Pipeline->Illuminate\\Pipeline\\{closure}()
#14 /home/ubuntu/Desktop/finnwayy/vendor/laravel/framework/src/Illuminate/Pipeline/Pipeline.php(219): Illuminate\\Routing\\Middleware\\SubstituteBindings->handle()
#15 /home/ubuntu/Desktop/finnwayy/vendor/laravel/framework/src/Illuminate/Auth/Middleware/Authenticate.php(63): Illuminate\\Pipeline\\Pipeline->Illuminate\\Pipeline\\{closure}()
#16 /home/ubuntu/Desktop/finnwayy/vendor/laravel/framework/src/Illuminate/Pipeline/Pipeline.php(219): Illuminate\\Auth\\Middleware\\Authenticate->handle()
#17 /home/ubuntu/Desktop/finnwayy/vendor/laravel/framework/src/Illuminate/Foundation/Http/Middleware/PreventRequestForgery.php(104): Illuminate\\Pipeline\\Pipeline->Illuminate\\Pipeline\\{closure}()
#18 /home/ubuntu/Desktop/finnwayy/vendor/laravel/framework/src/Illuminate/Pipeline/Pipeline.php(219): Illuminate\\Foundation\\Http\\Middleware\\PreventRequestForgery->handle()
#19 /home/ubuntu/Desktop/finnwayy/vendor/laravel/framework/src/Illuminate/View/Middleware/ShareErrorsFromSession.php(48): Illuminate\\Pipeline\\Pipeline->Illuminate\\Pipeline\\{closure}()
#20 /home/ubuntu/Desktop/finnwayy/vendor/laravel/framework/src/Illuminate/Pipeline/Pipeline.php(219): Illuminate\\View\\Middleware\\ShareErrorsFromSession->handle()
#21 /home/ubuntu/Desktop/finnwayy/vendor/laravel/framework/src/Illuminate/Session/Middleware/StartSession.php(120): Illuminate\\Pipeline\\Pipeline->Illuminate\\Pipeline\\{closure}()
#22 /home/ubuntu/Desktop/finnwayy/vendor/laravel/framework/src/Illuminate/Session/Middleware/StartSession.php(63): Illuminate\\Session\\Middleware\\StartSession->handleStatefulRequest()
#23 /home/ubuntu/Desktop/finnwayy/vendor/laravel/framework/src/Illuminate/Pipeline/Pipeline.php(219): Illuminate\\Session\\Middleware\\StartSession->handle()
#24 /home/ubuntu/Desktop/finnwayy/vendor/laravel/framework/src/Illuminate/Cookie/Middleware/AddQueuedCookiesToResponse.php(36): Illuminate\\Pipeline\\Pipeline->Illuminate\\Pipeline\\{closure}()
#25 /home/ubuntu/Desktop/finnwayy/vendor/laravel/framework/src/Illuminate/Pipeline/Pipeline.php(219): Illuminate\\Cookie\\Middleware\\AddQueuedCookiesToResponse->handle()
#26 /home/ubuntu/Desktop/finnwayy/vendor/laravel/framework/src/Illuminate/Cookie/Middleware/EncryptCookies.php(74): Illuminate\\Pipeline\\Pipeline->Illuminate\\Pipeline\\{closure}()
#27 /home/ubuntu/Desktop/finnwayy/vendor/laravel/framework/src/Illuminate/Pipeline/Pipeline.php(219): Illuminate\\Cookie\\Middleware\\EncryptCookies->handle()
#28 /home/ubuntu/Desktop/finnwayy/vendor/laravel/framework/src/Illuminate/Pipeline/Pipeline.php(137): Illuminate\\Pipeline\\Pipeline->Illuminate\\Pipeline\\{closure}()
#29 /home/ubuntu/Desktop/finnwayy/vendor/laravel/framework/src/Illuminate/Routing/Router.php(821): Illuminate\\Pipeline\\Pipeline->then()
#30 /home/ubuntu/Desktop/finnwayy/vendor/laravel/framework/src/Illuminate/Routing/Router.php(800): Illuminate\\Routing\\Router->runRouteWithinStack()
#31 /home/ubuntu/Desktop/finnwayy/vendor/laravel/framework/src/Illuminate/Routing/Router.php(764): Illuminate\\Routing\\Router->runRoute()
#32 /home/ubuntu/Desktop/finnwayy/vendor/laravel/framework/src/Illuminate/Routing/Router.php(753): Illuminate\\Routing\\Router->dispatchToRoute()
#33 /home/ubuntu/Desktop/finnwayy/vendor/laravel/framework/src/Illuminate/Foundation/Http/Kernel.php(200): Illuminate\\Routing\\Router->dispatch()
#34 /home/ubuntu/Desktop/finnwayy/vendor/laravel/framework/src/Illuminate/Pipeline/Pipeline.php(180): Illuminate\\Foundation\\Http\\Kernel->Illuminate\\Foundation\\Http\\{closure}()
#35 /home/ubuntu/Desktop/finnwayy/vendor/laravel/framework/src/Illuminate/Foundation/Http/Middleware/TransformsRequest.php(21): Illuminate\\Pipeline\\Pipeline->Illuminate\\Pipeline\\{closure}()
#36 /home/ubuntu/Desktop/finnwayy/vendor/laravel/framework/src/Illuminate/Foundation/Http/Middleware/ConvertEmptyStringsToNull.php(31): Illuminate\\Foundation\\Http\\Middleware\\TransformsRequest->handle()
#37 /home/ubuntu/Desktop/finnwayy/vendor/laravel/framework/src/Illuminate/Pipeline/Pipeline.php(219): Illuminate\\Foundation\\Http\\Middleware\\ConvertEmptyStringsToNull->handle()
#38 /home/ubuntu/Desktop/finnwayy/vendor/laravel/framework/src/Illuminate/Foundation/Http/Middleware/TransformsRequest.php(21): Illuminate\\Pipeline\\Pipeline->Illuminate\\Pipeline\\{closure}()
#39 /home/ubuntu/Desktop/finnwayy/vendor/laravel/framework/src/Illuminate/Foundation/Http/Middleware/TrimStrings.php(51): Illuminate\\Foundation\\Http\\Middleware\\TransformsRequest->handle()
#40 /home/ubuntu/Desktop/finnwayy/vendor/laravel/framework/src/Illuminate/Pipeline/Pipeline.php(219): Illuminate\\Foundation\\Http\\Middleware\\TrimStrings->handle()
#41 /home/ubuntu/Desktop/finnwayy/vendor/laravel/framework/src/Illuminate/Http/Middleware/ValidatePostSize.php(27): Illuminate\\Pipeline\\Pipeline->Illuminate\\Pipeline\\{closure}()
#42 /home/ubuntu/Desktop/finnwayy/vendor/laravel/framework/src/Illuminate/Pipeline/Pipeline.php(219): Illuminate\\Http\\Middleware\\ValidatePostSize->handle()
#43 /home/ubuntu/Desktop/finnwayy/vendor/laravel/framework/src/Illuminate/Foundation/Http/Middleware/PreventRequestsDuringMaintenance.php(110): Illuminate\\Pipeline\\Pipeline->Illuminate\\Pipeline\\{closure}()
#44 /home/ubuntu/Desktop/finnwayy/vendor/laravel/framework/src/Illuminate/Pipeline/Pipeline.php(219): Illuminate\\Foundation\\Http\\Middleware\\PreventRequestsDuringMaintenance->handle()
#45 /home/ubuntu/Desktop/finnwayy/vendor/laravel/framework/src/Illuminate/Http/Middleware/HandleCors.php(61): Illuminate\\Pipeline\\Pipeline->Illuminate\\Pipeline\\{closure}()
#46 /home/ubuntu/Desktop/finnwayy/vendor/laravel/framework/src/Illuminate/Pipeline/Pipeline.php(219): Illuminate\\Http\\Middleware\\HandleCors->handle()
#47 /home/ubuntu/Desktop/finnwayy/vendor/laravel/framework/src/Illuminate/Http/Middleware/TrustProxies.php(58): Illuminate\\Pipeline\\Pipeline->Illuminate\\Pipeline\\{closure}()
#48 /home/ubuntu/Desktop/finnwayy/vendor/laravel/framework/src/Illuminate/Pipeline/Pipeline.php(219): Illuminate\\Http\\Middleware\\TrustProxies->handle()
#49 /home/ubuntu/Desktop/finnwayy/vendor/laravel/framework/src/Illuminate/Foundation/Http/Middleware/InvokeDeferredCallbacks.php(22): Illuminate\\Pipeline\\Pipeline->Illuminate\\Pipeline\\{closure}()
#50 /home/ubuntu/Desktop/finnwayy/vendor/laravel/framework/src/Illuminate/Pipeline/Pipeline.php(219): Illuminate\\Foundation\\Http\\Middleware\\InvokeDeferredCallbacks->handle()
#51 /home/ubuntu/Desktop/finnwayy/vendor/laravel/framework/src/Illuminate/Http/Middleware/ValidatePathEncoding.php(28): Illuminate\\Pipeline\\Pipeline->Illuminate\\Pipeline\\{closure}()
#52 /home/ubuntu/Desktop/finnwayy/vendor/laravel/framework/src/Illuminate/Pipeline/Pipeline.php(219): Illuminate\\Http\\Middleware\\ValidatePathEncoding->handle()
#53 /home/ubuntu/Desktop/finnwayy/vendor/laravel/framework/src/Illuminate/Pipeline/Pipeline.php(137): Illuminate\\Pipeline\\Pipeline->Illuminate\\Pipeline\\{closure}()
#54 /home/ubuntu/Desktop/finnwayy/vendor/laravel/framework/src/Illuminate/Foundation/Http/Kernel.php(175): Illuminate\\Pipeline\\Pipeline->then()
#55 /home/ubuntu/Desktop/finnwayy/vendor/laravel/framework/src/Illuminate/Foundation/Http/Kernel.php(144): Illuminate\\Foundation\\Http\\Kernel->sendRequestThroughRouter()
#56 /home/ubuntu/Desktop/finnwayy/vendor/laravel/framework/src/Illuminate/Foundation/Application.php(1227): Illuminate\\Foundation\\Http\\Kernel->handle()
#57 /home/ubuntu/Desktop/finnwayy/public/index.php(20): Illuminate\\Foundation\\Application->handleRequest()
#58 /home/ubuntu/Desktop/finnwayy/vendor/laravel/framework/src/Illuminate/Foundation/resources/server.php(23): require_once('...')
#59 {main}

[previous exception] [object] (Illuminate\\View\\ViewException(code: 0): syntax error, unexpected token \",\" (View: /home/ubuntu/Desktop/finnwayy/resources/views/hub/portal/layout.blade.php) at /home/ubuntu/Desktop/finnwayy/storage/framework/views/7b43472b28a7ab8ae8ebbe8b2bf58005.php:164)
[stacktrace]
#0 /home/ubuntu/Desktop/finnwayy/vendor/laravel/framework/src/Illuminate/View/Engines/PhpEngine.php(59): Illuminate\\View\\Engines\\CompilerEngine->handleViewException()
#1 /home/ubuntu/Desktop/finnwayy/vendor/laravel/framework/src/Illuminate/View/Engines/CompilerEngine.php(76): Illuminate\\View\\Engines\\PhpEngine->evaluatePath()
#2 /home/ubuntu/Desktop/finnwayy/vendor/laravel/framework/src/Illuminate/View/View.php(208): Illuminate\\View\\Engines\\CompilerEngine->get()
#3 /home/ubuntu/Desktop/finnwayy/vendor/laravel/framework/src/Illuminate/View/View.php(191): Illuminate\\View\\View->getContents()
#4 /home/ubuntu/Desktop/finnwayy/vendor/laravel/framework/src/Illuminate/View/View.php(160): Illuminate\\View\\View->renderContents()
#5 /home/ubuntu/Desktop/finnwayy/storage/framework/views/61f8b692d4385b314bd417ea4d5071df.php(96): Illuminate\\View\\View->render()
#6 /home/ubuntu/Desktop/finnwayy/vendor/laravel/framework/src/Illuminate/Filesystem/Filesystem.php(123): require('...')
#7 /home/ubuntu/Desktop/finnwayy/vendor/laravel/framework/src/Illuminate/Filesystem/Filesystem.php(124): Illuminate\\Filesystem\\Filesystem::Illuminate\\Filesystem\\{closure}()
#8 /home/ubuntu/Desktop/finnwayy/vendor/laravel/framework/src/Illuminate/View/Engines/PhpEngine.php(57): Illuminate\\Filesystem\\Filesystem->getRequire()
#9 /home/ubuntu/Desktop/finnwayy/vendor/laravel/framework/src/Illuminate/View/Engines/CompilerEngine.php(76): Illuminate\\View\\Engines\\PhpEngine->evaluatePath()
#10 /home/ubuntu/Desktop/finnwayy/vendor/laravel/framework/src/Illuminate/View/View.php(208): Illuminate\\View\\Engines\\CompilerEngine->get()
#11 /home/ubuntu/Desktop/finnwayy/vendor/laravel/framework/src/Illuminate/View/View.php(191): Illuminate\\View\\View->getContents()
#12 /home/ubuntu/Desktop/finnwayy/vendor/laravel/framework/src/Illuminate/View/View.php(160): Illuminate\\View\\View->renderContents()
#13 /home/ubuntu/Desktop/finnwayy/vendor/laravel/framework/src/Illuminate/Http/Response.php(82): Illuminate\\View\\View->render()
#14 /home/ubuntu/Desktop/finnwayy/vendor/laravel/framework/src/Illuminate/Http/Response.php(40): Illuminate\\Http\\Response->setContent()
#15 /home/ubuntu/Desktop/finnwayy/vendor/laravel/framework/src/Illuminate/Routing/Router.php(939): Illuminate\\Http\\Response->__construct()
#16 /home/ubuntu/Desktop/finnwayy/vendor/laravel/framework/src/Illuminate/Routing/Router.php(906): Illuminate\\Routing\\Router::toResponse()
#17 /home/ubuntu/Desktop/finnwayy/vendor/laravel/framework/src/Illuminate/Routing/Router.php(821): Illuminate\\Routing\\Router->prepareResponse()
#18 /home/ubuntu/Desktop/finnwayy/vendor/laravel/framework/src/Illuminate/Pipeline/Pipeline.php(180): Illuminate\\Routing\\Router->Illuminate\\Routing\\{closure}()
#19 /home/ubuntu/Desktop/finnwayy/app/Http/Middleware/AdminMiddleware.php(29): Illuminate\\Pipeline\\Pipeline->Illuminate\\Pipeline\\{closure}()
#20 /home/ubuntu/Desktop/finnwayy/vendor/laravel/framework/src/Illuminate/Pipeline/Pipeline.php(219): App\\Http\\Middleware\\AdminMiddleware->handle()
#21 /home/ubuntu/Desktop/finnwayy/vendor/laravel/framework/src/Illuminate/Routing/Middleware/SubstituteBindings.php(52): Illuminate\\Pipeline\\Pipeline->Illuminate\\Pipeline\\{closure}()
#22 /home/ubuntu/Desktop/finnwayy/vendor/laravel/framework/src/Illuminate/Pipeline/Pipeline.php(219): Illuminate\\Routing\\Middleware\\SubstituteBindings->handle()
#23 /home/ubuntu/Desktop/finnwayy/vendor/laravel/framework/src/Illuminate/Auth/Middleware/Authenticate.php(63): Illuminate\\Pipeline\\Pipeline->Illuminate\\Pipeline\\{closure}()
#24 /home/ubuntu/Desktop/finnwayy/vendor/laravel/framework/src/Illuminate/Pipeline/Pipeline.php(219): Illuminate\\Auth\\Middleware\\Authenticate->handle()
#25 /home/ubuntu/Desktop/finnwayy/vendor/laravel/framework/src/Illuminate/Foundation/Http/Middleware/PreventRequestForgery.php(104): Illuminate\\Pipeline\\Pipeline->Illuminate\\Pipeline\\{closure}()
#26 /home/ubuntu/Desktop/finnwayy/vendor/laravel/framework/src/Illuminate/Pipeline/Pipeline.php(219): Illuminate\\Foundation\\Http\\Middleware\\PreventRequestForgery->handle()
#27 /home/ubuntu/Desktop/finnwayy/vendor/laravel/framework/src/Illuminate/View/Middleware/ShareErrorsFromSession.php(48): Illuminate\\Pipeline\\Pipeline->Illuminate\\Pipeline\\{closure}()
#28 /home/ubuntu/Desktop/finnwayy/vendor/laravel/framework/src/Illuminate/Pipeline/Pipeline.php(219): Illuminate\\View\\Middleware\\ShareErrorsFromSession->handle()
#29 /home/ubuntu/Desktop/finnwayy/vendor/laravel/framework/src/Illuminate/Session/Middleware/StartSession.php(120): Illuminate\\Pipeline\\Pipeline->Illuminate\\Pipeline\\{closure}()
#30 /home/ubuntu/Desktop/finnwayy/vendor/laravel/framework/src/Illuminate/Session/Middleware/StartSession.php(63): Illuminate\\Session\\Middleware\\StartSession->handleStatefulRequest()
#31 /home/ubuntu/Desktop/finnwayy/vendor/laravel/framework/src/Illuminate/Pipeline/Pipeline.php(219): Illuminate\\Session\\Middleware\\StartSession->handle()
#32 /home/ubuntu/Desktop/finnwayy/vendor/laravel/framework/src/Illuminate/Cookie/Middleware/AddQueuedCookiesToResponse.php(36): Illuminate\\Pipeline\\Pipeline->Illuminate\\Pipeline\\{closure}()
#33 /home/ubuntu/Desktop/finnwayy/vendor/laravel/framework/src/Illuminate/Pipeline/Pipeline.php(219): Illuminate\\Cookie\\Middleware\\AddQueuedCookiesToResponse->handle()
#34 /home/ubuntu/Desktop/finnwayy/vendor/laravel/framework/src/Illuminate/Cookie/Middleware/EncryptCookies.php(74): Illuminate\\Pipeline\\Pipeline->Illuminate\\Pipeline\\{closure}()
#35 /home/ubuntu/Desktop/finnwayy/vendor/laravel/framework/src/Illuminate/Pipeline/Pipeline.php(219): Illuminate\\Cookie\\Middleware\\EncryptCookies->handle()
#36 /home/ubuntu/Desktop/finnwayy/vendor/laravel/framework/src/Illuminate/Pipeline/Pipeline.php(137): Illuminate\\Pipeline\\Pipeline->Illuminate\\Pipeline\\{closure}()
#37 /home/ubuntu/Desktop/finnwayy/vendor/laravel/framework/src/Illuminate/Routing/Router.php(821): Illuminate\\Pipeline\\Pipeline->then()
#38 /home/ubuntu/Desktop/finnwayy/vendor/laravel/framework/src/Illuminate/Routing/Router.php(800): Illuminate\\Routing\\Router->runRouteWithinStack()
#39 /home/ubuntu/Desktop/finnwayy/vendor/laravel/framework/src/Illuminate/Routing/Router.php(764): Illuminate\\Routing\\Router->runRoute()
#40 /home/ubuntu/Desktop/finnwayy/vendor/laravel/framework/src/Illuminate/Routing/Router.php(753): Illuminate\\Routing\\Router->dispatchToRoute()
#41 /home/ubuntu/Desktop/finnwayy/vendor/laravel/framework/src/Illuminate/Foundation/Http/Kernel.php(200): Illuminate\\Routing\\Router->dispatch()
#42 /home/ubuntu/Desktop/finnwayy/vendor/laravel/framework/src/Illuminate/Pipeline/Pipeline.php(180): Illuminate\\Foundation\\Http\\Kernel->Illuminate\\Foundation\\Http\\{closure}()
#43 /home/ubuntu/Desktop/finnwayy/vendor/laravel/framework/src/Illuminate/Foundation/Http/Middleware/TransformsRequest.php(21): Illuminate\\Pipeline\\Pipeline->Illuminate\\Pipeline\\{closure}()
#44 /home/ubuntu/Desktop/finnwayy/vendor/laravel/framework/src/Illuminate/Foundation/Http/Middleware/ConvertEmptyStringsToNull.php(31): Illuminate\\Foundation\\Http\\Middleware\\TransformsRequest->handle()
#45 /home/ubuntu/Desktop/finnwayy/vendor/laravel/framework/src/Illuminate/Pipeline/Pipeline.php(219): Illuminate\\Foundation\\Http\\Middleware\\ConvertEmptyStringsToNull->handle()
#46 /home/ubuntu/Desktop/finnwayy/vendor/laravel/framework/src/Illuminate/Foundation/Http/Middleware/TransformsRequest.php(21): Illuminate\\Pipeline\\Pipeline->Illuminate\\Pipeline\\{closure}()
#47 /home/ubuntu/Desktop/finnwayy/vendor/laravel/framework/src/Illuminate/Foundation/Http/Middleware/TrimStrings.php(51): Illuminate\\Foundation\\Http\\Middleware\\TransformsRequest->handle()
#48 /home/ubuntu/Desktop/finnwayy/vendor/laravel/framework/src/Illuminate/Pipeline/Pipeline.php(219): Illuminate\\Foundation\\Http\\Middleware\\TrimStrings->handle()
#49 /home/ubuntu/Desktop/finnwayy/vendor/laravel/framework/src/Illuminate/Http/Middleware/ValidatePostSize.php(27): Illuminate\\Pipeline\\Pipeline->Illuminate\\Pipeline\\{closure}()
#50 /home/ubuntu/Desktop/finnwayy/vendor/laravel/framework/src/Illuminate/Pipeline/Pipeline.php(219): Illuminate\\Http\\Middleware\\ValidatePostSize->handle()
#51 /home/ubuntu/Desktop/finnwayy/vendor/laravel/framework/src/Illuminate/Foundation/Http/Middleware/PreventRequestsDuringMaintenance.php(110): Illuminate\\Pipeline\\Pipeline->Illuminate\\Pipeline\\{closure}()
#52 /home/ubuntu/Desktop/finnwayy/vendor/laravel/framework/src/Illuminate/Pipeline/Pipeline.php(219): Illuminate\\Foundation\\Http\\Middleware\\PreventRequestsDuringMaintenance->handle()
#53 /home/ubuntu/Desktop/finnwayy/vendor/laravel/framework/src/Illuminate/Http/Middleware/HandleCors.php(61): Illuminate\\Pipeline\\Pipeline->Illuminate\\Pipeline\\{closure}()
#54 /home/ubuntu/Desktop/finnwayy/vendor/laravel/framework/src/Illuminate/Pipeline/Pipeline.php(219): Illuminate\\Http\\Middleware\\HandleCors->handle()
#55 /home/ubuntu/Desktop/finnwayy/vendor/laravel/framework/src/Illuminate/Http/Middleware/TrustProxies.php(58): Illuminate\\Pipeline\\Pipeline->Illuminate\\Pipeline\\{closure}()
#56 /home/ubuntu/Desktop/finnwayy/vendor/laravel/framework/src/Illuminate/Pipeline/Pipeline.php(219): Illuminate\\Http\\Middleware\\TrustProxies->handle()
#57 /home/ubuntu/Desktop/finnwayy/vendor/laravel/framework/src/Illuminate/Foundation/Http/Middleware/InvokeDeferredCallbacks.php(22): Illuminate\\Pipeline\\Pipeline->Illuminate\\Pipeline\\{closure}()
#58 /home/ubuntu/Desktop/finnwayy/vendor/laravel/framework/src/Illuminate/Pipeline/Pipeline.php(219): Illuminate\\Foundation\\Http\\Middleware\\InvokeDeferredCallbacks->handle()
#59 /home/ubuntu/Desktop/finnwayy/vendor/laravel/framework/src/Illuminate/Http/Middleware/ValidatePathEncoding.php(28): Illuminate\\Pipeline\\Pipeline->Illuminate\\Pipeline\\{closure}()
#60 /home/ubuntu/Desktop/finnwayy/vendor/laravel/framework/src/Illuminate/Pipeline/Pipeline.php(219): Illuminate\\Http\\Middleware\\ValidatePathEncoding->handle()
#61 /home/ubuntu/Desktop/finnwayy/vendor/laravel/framework/src/Illuminate/Pipeline/Pipeline.php(137): Illuminate\\Pipeline\\Pipeline->Illuminate\\Pipeline\\{closure}()
#62 /home/ubuntu/Desktop/finnwayy/vendor/laravel/framework/src/Illuminate/Foundation/Http/Kernel.php(175): Illuminate\\Pipeline\\Pipeline->then()
#63 /home/ubuntu/Desktop/finnwayy/vendor/laravel/framework/src/Illuminate/Foundation/Http/Kernel.php(144): Illuminate\\Foundation\\Http\\Kernel->sendRequestThroughRouter()
#64 /home/ubuntu/Desktop/finnwayy/vendor/laravel/framework/src/Illuminate/Foundation/Application.php(1227): Illuminate\\Foundation\\Http\\Kernel->handle()
#65 /home/ubuntu/Desktop/finnwayy/public/index.php(20): Illuminate\\Foundation\\Application->handleRequest()
#66 /home/ubuntu/Desktop/finnwayy/vendor/laravel/framework/src/Illuminate/Foundation/resources/server.php(23): require_once('...')
#67 {main}

[previous exception] [object] (ParseError(code: 0): syntax error, unexpected token \",\" at /home/ubuntu/Desktop/finnwayy/storage/framework/views/7b43472b28a7ab8ae8ebbe8b2bf58005.php:164)
[stacktrace]
#0 /home/ubuntu/Desktop/finnwayy/vendor/laravel/framework/src/Illuminate/Filesystem/Filesystem.php(124): Illuminate\\Filesystem\\Filesystem::Illuminate\\Filesystem\\{closure}()
#1 /home/ubuntu/Desktop/finnwayy/vendor/laravel/framework/src/Illuminate/View/Engines/PhpEngine.php(57): Illuminate\\Filesystem\\Filesystem->getRequire()
#2 /home/ubuntu/Desktop/finnwayy/vendor/laravel/framework/src/Illuminate/View/Engines/CompilerEngine.php(76): Illuminate\\View\\Engines\\PhpEngine->evaluatePath()
#3 /home/ubuntu/Desktop/finnwayy/vendor/laravel/framework/src/Illuminate/View/View.php(208): Illuminate\\View\\Engines\\CompilerEngine->get()
#4 /home/ubuntu/Desktop/finnwayy/vendor/laravel/framework/src/Illuminate/View/View.php(191): Illuminate\\View\\View->getContents()
#5 /home/ubuntu/Desktop/finnwayy/vendor/laravel/framework/src/Illuminate/View/View.php(160): Illuminate\\View\\View->renderContents()
#6 /home/ubuntu/Desktop/finnwayy/storage/framework/views/61f8b692d4385b314bd417ea4d5071df.php(96): Illuminate\\View\\View->render()
#7 /home/ubuntu/Desktop/finnwayy/vendor/laravel/framework/src/Illuminate/Filesystem/Filesystem.php(123): require('...')
#8 /home/ubuntu/Desktop/finnwayy/vendor/laravel/framework/src/Illuminate/Filesystem/Filesystem.php(124): Illuminate\\Filesystem\\Filesystem::Illuminate\\Filesystem\\{closure}()
#9 /home/ubuntu/Desktop/finnwayy/vendor/laravel/framework/src/Illuminate/View/Engines/PhpEngine.php(57): Illuminate\\Filesystem\\Filesystem->getRequire()
#10 /home/ubuntu/Desktop/finnwayy/vendor/laravel/framework/src/Illuminate/View/Engines/CompilerEngine.php(76): Illuminate\\View\\Engines\\PhpEngine->evaluatePath()
#11 /home/ubuntu/Desktop/finnwayy/vendor/laravel/framework/src/Illuminate/View/View.php(208): Illuminate\\View\\Engines\\CompilerEngine->get()
#12 /home/ubuntu/Desktop/finnwayy/vendor/laravel/framework/src/Illuminate/View/View.php(191): Illuminate\\View\\View->getContents()
#13 /home/ubuntu/Desktop/finnwayy/vendor/laravel/framework/src/Illuminate/View/View.php(160): Illuminate\\View\\View->renderContents()
#14 /home/ubuntu/Desktop/finnwayy/vendor/laravel/framework/src/Illuminate/Http/Response.php(82): Illuminate\\View\\View->render()
#15 /home/ubuntu/Desktop/finnwayy/vendor/laravel/framework/src/Illuminate/Http/Response.php(40): Illuminate\\Http\\Response->setContent()
#16 /home/ubuntu/Desktop/finnwayy/vendor/laravel/framework/src/Illuminate/Routing/Router.php(939): Illuminate\\Http\\Response->__construct()
#17 /home/ubuntu/Desktop/finnwayy/vendor/laravel/framework/src/Illuminate/Routing/Router.php(906): Illuminate\\Routing\\Router::toResponse()
#18 /home/ubuntu/Desktop/finnwayy/vendor/laravel/framework/src/Illuminate/Routing/Router.php(821): Illuminate\\Routing\\Router->prepareResponse()
#19 /home/ubuntu/Desktop/finnwayy/vendor/laravel/framework/src/Illuminate/Pipeline/Pipeline.php(180): Illuminate\\Routing\\Router->Illuminate\\Routing\\{closure}()
#20 /home/ubuntu/Desktop/finnwayy/app/Http/Middleware/AdminMiddleware.php(29): Illuminate\\Pipeline\\Pipeline->Illuminate\\Pipeline\\{closure}()
#21 /home/ubuntu/Desktop/finnwayy/vendor/laravel/framework/src/Illuminate/Pipeline/Pipeline.php(219): App\\Http\\Middleware\\AdminMiddleware->handle()
#22 /home/ubuntu/Desktop/finnwayy/vendor/laravel/framework/src/Illuminate/Routing/Middleware/SubstituteBindings.php(52): Illuminate\\Pipeline\\Pipeline->Illuminate\\Pipeline\\{closure}()
#23 /home/ubuntu/Desktop/finnwayy/vendor/laravel/framework/src/Illuminate/Pipeline/Pipeline.php(219): Illuminate\\Routing\\Middleware\\SubstituteBindings->handle()
#24 /home/ubuntu/Desktop/finnwayy/vendor/laravel/framework/src/Illuminate/Auth/Middleware/Authenticate.php(63): Illuminate\\Pipeline\\Pipeline->Illuminate\\Pipeline\\{closure}()
#25 /home/ubuntu/Desktop/finnwayy/vendor/laravel/framework/src/Illuminate/Pipeline/Pipeline.php(219): Illuminate\\Auth\\Middleware\\Authenticate->handle()
#26 /home/ubuntu/Desktop/finnwayy/vendor/laravel/framework/src/Illuminate/Foundation/Http/Middleware/PreventRequestForgery.php(104): Illuminate\\Pipeline\\Pipeline->Illuminate\\Pipeline\\{closure}()
#27 /home/ubuntu/Desktop/finnwayy/vendor/laravel/framework/src/Illuminate/Pipeline/Pipeline.php(219): Illuminate\\Foundation\\Http\\Middleware\\PreventRequestForgery->handle()
#28 /home/ubuntu/Desktop/finnwayy/vendor/laravel/framework/src/Illuminate/View/Middleware/ShareErrorsFromSession.php(48): Illuminate\\Pipeline\\Pipeline->Illuminate\\Pipeline\\{closure}()
#29 /home/ubuntu/Desktop/finnwayy/vendor/laravel/framework/src/Illuminate/Pipeline/Pipeline.php(219): Illuminate\\View\\Middleware\\ShareErrorsFromSession->handle()
#30 /home/ubuntu/Desktop/finnwayy/vendor/laravel/framework/src/Illuminate/Session/Middleware/StartSession.php(120): Illuminate\\Pipeline\\Pipeline->Illuminate\\Pipeline\\{closure}()
#31 /home/ubuntu/Desktop/finnwayy/vendor/laravel/framework/src/Illuminate/Session/Middleware/StartSession.php(63): Illuminate\\Session\\Middleware\\StartSession->handleStatefulRequest()
#32 /home/ubuntu/Desktop/finnwayy/vendor/laravel/framework/src/Illuminate/Pipeline/Pipeline.php(219): Illuminate\\Session\\Middleware\\StartSession->handle()
#33 /home/ubuntu/Desktop/finnwayy/vendor/laravel/framework/src/Illuminate/Cookie/Middleware/AddQueuedCookiesToResponse.php(36): Illuminate\\Pipeline\\Pipeline->Illuminate\\Pipeline\\{closure}()
#34 /home/ubuntu/Desktop/finnwayy/vendor/laravel/framework/src/Illuminate/Pipeline/Pipeline.php(219): Illuminate\\Cookie\\Middleware\\AddQueuedCookiesToResponse->handle()
#35 /home/ubuntu/Desktop/finnwayy/vendor/laravel/framework/src/Illuminate/Cookie/Middleware/EncryptCookies.php(74): Illuminate\\Pipeline\\Pipeline->Illuminate\\Pipeline\\{closure}()
#36 /home/ubuntu/Desktop/finnwayy/vendor/laravel/framework/src/Illuminate/Pipeline/Pipeline.php(219): Illuminate\\Cookie\\Middleware\\EncryptCookies->handle()
#37 /home/ubuntu/Desktop/finnwayy/vendor/laravel/framework/src/Illuminate/Pipeline/Pipeline.php(137): Illuminate\\Pipeline\\Pipeline->Illuminate\\Pipeline\\{closure}()
#38 /home/ubuntu/Desktop/finnwayy/vendor/laravel/framework/src/Illuminate/Routing/Router.php(821): Illuminate\\Pipeline\\Pipeline->then()
#39 /home/ubuntu/Desktop/finnwayy/vendor/laravel/framework/src/Illuminate/Routing/Router.php(800): Illuminate\\Routing\\Router->runRouteWithinStack()
#40 /home/ubuntu/Desktop/finnwayy/vendor/laravel/framework/src/Illuminate/Routing/Router.php(764): Illuminate\\Routing\\Router->runRoute()
#41 /home/ubuntu/Desktop/finnwayy/vendor/laravel/framework/src/Illuminate/Routing/Router.php(753): Illuminate\\Routing\\Router->dispatchToRoute()
#42 /home/ubuntu/Desktop/finnwayy/vendor/laravel/framework/src/Illuminate/Foundation/Http/Kernel.php(200): Illuminate\\Routing\\Router->dispatch()
#43 /home/ubuntu/Desktop/finnwayy/vendor/laravel/framework/src/Illuminate/Pipeline/Pipeline.php(180): Illuminate\\Foundation\\Http\\Kernel->Illuminate\\Foundation\\Http\\{closure}()
#44 /home/ubuntu/Desktop/finnwayy/vendor/laravel/framework/src/Illuminate/Foundation/Http/Middleware/TransformsRequest.php(21): Illuminate\\Pipeline\\Pipeline->Illuminate\\Pipeline\\{closure}()
#45 /home/ubuntu/Desktop/finnwayy/vendor/laravel/framework/src/Illuminate/Foundation/Http/Middleware/ConvertEmptyStringsToNull.php(31): Illuminate\\Foundation\\Http\\Middleware\\TransformsRequest->handle()
#46 /home/ubuntu/Desktop/finnwayy/vendor/laravel/framework/src/Illuminate/Pipeline/Pipeline.php(219): Illuminate\\Foundation\\Http\\Middleware\\ConvertEmptyStringsToNull->handle()
#47 /home/ubuntu/Desktop/finnwayy/vendor/laravel/framework/src/Illuminate/Foundation/Http/Middleware/TransformsRequest.php(21): Illuminate\\Pipeline\\Pipeline->Illuminate\\Pipeline\\{closure}()
#48 /home/ubuntu/Desktop/finnwayy/vendor/laravel/framework/src/Illuminate/Foundation/Http/Middleware/TrimStrings.php(51): Illuminate\\Foundation\\Http\\Middleware\\TransformsRequest->handle()
#49 /home/ubuntu/Desktop/finnwayy/vendor/laravel/framework/src/Illuminate/Pipeline/Pipeline.php(219): Illuminate\\Foundation\\Http\\Middleware\\TrimStrings->handle()
#50 /home/ubuntu/Desktop/finnwayy/vendor/laravel/framework/src/Illuminate/Http/Middleware/ValidatePostSize.php(27): Illuminate\\Pipeline\\Pipeline->Illuminate\\Pipeline\\{closure}()
#51 /home/ubuntu/Desktop/finnwayy/vendor/laravel/framework/src/Illuminate/Pipeline/Pipeline.php(219): Illuminate\\Http\\Middleware\\ValidatePostSize->handle()
#52 /home/ubuntu/Desktop/finnwayy/vendor/laravel/framework/src/Illuminate/Foundation/Http/Middleware/PreventRequestsDuringMaintenance.php(110): Illuminate\\Pipeline\\Pipeline->Illuminate\\Pipeline\\{closure}()
#53 /home/ubuntu/Desktop/finnwayy/vendor/laravel/framework/src/Illuminate/Pipeline/Pipeline.php(219): Illuminate\\Foundation\\Http\\Middleware\\PreventRequestsDuringMaintenance->handle()
#54 /home/ubuntu/Desktop/finnwayy/vendor/laravel/framework/src/Illuminate/Http/Middleware/HandleCors.php(61): Illuminate\\Pipeline\\Pipeline->Illuminate\\Pipeline\\{closure}()
#55 /home/ubuntu/Desktop/finnwayy/vendor/laravel/framework/src/Illuminate/Pipeline/Pipeline.php(219): Illuminate\\Http\\Middleware\\HandleCors->handle()
#56 /home/ubuntu/Desktop/finnwayy/vendor/laravel/framework/src/Illuminate/Http/Middleware/TrustProxies.php(58): Illuminate\\Pipeline\\Pipeline->Illuminate\\Pipeline\\{closure}()
#57 /home/ubuntu/Desktop/finnwayy/vendor/laravel/framework/src/Illuminate/Pipeline/Pipeline.php(219): Illuminate\\Http\\Middleware\\TrustProxies->handle()
#58 /home/ubuntu/Desktop/finnwayy/vendor/laravel/framework/src/Illuminate/Foundation/Http/Middleware/InvokeDeferredCallbacks.php(22): Illuminate\\Pipeline\\Pipeline->Illuminate\\Pipeline\\{closure}()
#59 /home/ubuntu/Desktop/finnwayy/vendor/laravel/framework/src/Illuminate/Pipeline/Pipeline.php(219): Illuminate\\Foundation\\Http\\Middleware\\InvokeDeferredCallbacks->handle()
#60 /home/ubuntu/Desktop/finnwayy/vendor/laravel/framework/src/Illuminate/Http/Middleware/ValidatePathEncoding.php(28): Illuminate\\Pipeline\\Pipeline->Illuminate\\Pipeline\\{closure}()
#61 /home/ubuntu/Desktop/finnwayy/vendor/laravel/framework/src/Illuminate/Pipeline/Pipeline.php(219): Illuminate\\Http\\Middleware\\ValidatePathEncoding->handle()
#62 /home/ubuntu/Desktop/finnwayy/vendor/laravel/framework/src/Illuminate/Pipeline/Pipeline.php(137): Illuminate\\Pipeline\\Pipeline->Illuminate\\Pipeline\\{closure}()
#63 /home/ubuntu/Desktop/finnwayy/vendor/laravel/framework/src/Illuminate/Foundation/Http/Kernel.php(175): Illuminate\\Pipeline\\Pipeline->then()
#64 /home/ubuntu/Desktop/finnwayy/vendor/laravel/framework/src/Illuminate/Foundation/Http/Kernel.php(144): Illuminate\\Foundation\\Http\\Kernel->sendRequestThroughRouter()
#65 /home/ubuntu/Desktop/finnwayy/vendor/laravel/framework/src/Illuminate/Foundation/Application.php(1227): Illuminate\\Foundation\\Http\\Kernel->handle()
#66 /home/ubuntu/Desktop/finnwayy/public/index.php(20): Illuminate\\Foundation\\Application->handleRequest()
#67 /home/ubuntu/Desktop/finnwayy/vendor/laravel/framework/src/Illuminate/Foundation/resources/server.php(23): require_once('...')
#68 {main}
"} 
[2026-09-10 12:47:11] production.ERROR: syntax error, unexpected token "," (View: /home/ubuntu/Desktop/finnwayy/resources/views/hub/portal/layout.blade.php) (View: /home/ubuntu/Desktop/finnwayy/resources/views/hub/portal/layout.blade.php) {"userId":97,"exception":"[object] (Illuminate\\View\\ViewException(code: 0): syntax error, unexpected token \",\" (View: /home/ubuntu/Desktop/finnwayy/resources/views/hub/portal/layout.blade.php) (View: /home/ubuntu/Desktop/finnwayy/resources/views/hub/portal/layout.blade.php) at /home/ubuntu/Desktop/finnwayy/storage/framework/views/7b43472b28a7ab8ae8ebbe8b2bf58005.php:164)
[stacktrace]
#0 /home/ubuntu/Desktop/finnwayy/vendor/laravel/framework/src/Illuminate/View/Engines/PhpEngine.php(59): Illuminate\\View\\Engines\\CompilerEngine->handleViewException()
#1 /home/ubuntu/Desktop/finnwayy/vendor/laravel/framework/src/Illuminate/View/Engines/CompilerEngine.php(76): Illuminate\\View\\Engines\\PhpEngine->evaluatePath()
#2 /home/ubuntu/Desktop/finnwayy/vendor/laravel/framework/src/Illuminate/View/View.php(208): Illuminate\\View\\Engines\\CompilerEngine->get()
#3 /home/ubuntu/Desktop/finnwayy/vendor/laravel/framework/src/Illuminate/View/View.php(191): Illuminate\\View\\View->getContents()
#4 /home/ubuntu/Desktop/finnwayy/vendor/laravel/framework/src/Illuminate/View/View.php(160): Illuminate\\View\\View->renderContents()
#5 /home/ubuntu/Desktop/finnwayy/vendor/laravel/framework/src/Illuminate/Http/Response.php(82): Illuminate\\View\\View->render()
#6 /home/ubuntu/Desktop/finnwayy/vendor/laravel/framework/src/Illuminate/Http/Response.php(40): Illuminate\\Http\\Response->setContent()
#7 /home/ubuntu/Desktop/finnwayy/vendor/laravel/framework/src/Illuminate/Routing/Router.php(939): Illuminate\\Http\\Response->__construct()
#8 /home/ubuntu/Desktop/finnwayy/vendor/laravel/framework/src/Illuminate/Routing/Router.php(906): Illuminate\\Routing\\Router::toResponse()
#9 /home/ubuntu/Desktop/finnwayy/vendor/laravel/framework/src/Illuminate/Routing/Router.php(821): Illuminate\\Routing\\Router->prepareResponse()
#10 /home/ubuntu/Desktop/finnwayy/vendor/laravel/framework/src/Illuminate/Pipeline/Pipeline.php(180): Illuminate\\Routing\\Router->Illuminate\\Routing\\{closure}()
#11 /home/ubuntu/Desktop/finnwayy/app/Http/Middleware/AdminMiddleware.php(29): Illuminate\\Pipeline\\Pipeline->Illuminate\\Pipeline\\{closure}()
#12 /home/ubuntu/Desktop/finnwayy/vendor/laravel/framework/src/Illuminate/Pipeline/Pipeline.php(219): App\\Http\\Middleware\\AdminMiddleware->handle()
#13 /home/ubuntu/Desktop/finnwayy/vendor/laravel/framework/src/Illuminate/Routing/Middleware/SubstituteBindings.php(52): Illuminate\\Pipeline\\Pipeline->Illuminate\\Pipeline\\{closure}()
#14 /home/ubuntu/Desktop/finnwayy/vendor/laravel/framework/src/Illuminate/Pipeline/Pipeline.php(219): Illuminate\\Routing\\Middleware\\SubstituteBindings->handle()
#15 /home/ubuntu/Desktop/finnwayy/vendor/laravel/framework/src/Illuminate/Auth/Middleware/Authenticate.php(63): Illuminate\\Pipeline\\Pipeline->Illuminate\\Pipeline\\{closure}()
#16 /home/ubuntu/Desktop/finnwayy/vendor/laravel/framework/src/Illuminate/Pipeline/Pipeline.php(219): Illuminate\\Auth\\Middleware\\Authenticate->handle()
#17 /home/ubuntu/Desktop/finnwayy/vendor/laravel/framework/src/Illuminate/Foundation/Http/Middleware/PreventRequestForgery.php(104): Illuminate\\Pipeline\\Pipeline->Illuminate\\Pipeline\\{closure}()
#18 /home/ubuntu/Desktop/finnwayy/vendor/laravel/framework/src/Illuminate/Pipeline/Pipeline.php(219): Illuminate\\Foundation\\Http\\Middleware\\PreventRequestForgery->handle()
#19 /home/ubuntu/Desktop/finnwayy/vendor/laravel/framework/src/Illuminate/View/Middleware/ShareErrorsFromSession.php(48): Illuminate\\Pipeline\\Pipeline->Illuminate\\Pipeline\\{closure}()
#20 /home/ubuntu/Desktop/finnwayy/vendor/laravel/framework/src/Illuminate/Pipeline/Pipeline.php(219): Illuminate\\View\\Middleware\\ShareErrorsFromSession->handle()
#21 /home/ubuntu/Desktop/finnwayy/vendor/laravel/framework/src/Illuminate/Session/Middleware/StartSession.php(120): Illuminate\\Pipeline\\Pipeline->Illuminate\\Pipeline\\{closure}()
#22 /home/ubuntu/Desktop/finnwayy/vendor/laravel/framework/src/Illuminate/Session/Middleware/StartSession.php(63): Illuminate\\Session\\Middleware\\StartSession->handleStatefulRequest()
#23 /home/ubuntu/Desktop/finnwayy/vendor/laravel/framework/src/Illuminate/Pipeline/Pipeline.php(219): Illuminate\\Session\\Middleware\\StartSession->handle()
#24 /home/ubuntu/Desktop/finnwayy/vendor/laravel/framework/src/Illuminate/Cookie/Middleware/AddQueuedCookiesToResponse.php(36): Illuminate\\Pipeline\\Pipeline->Illuminate\\Pipeline\\{closure}()
#25 /home/ubuntu/Desktop/finnwayy/vendor/laravel/framework/src/Illuminate/Pipeline/Pipeline.php(219): Illuminate\\Cookie\\Middleware\\AddQueuedCookiesToResponse->handle()
#26 /home/ubuntu/Desktop/finnwayy/vendor/laravel/framework/src/Illuminate/Cookie/Middleware/EncryptCookies.php(74): Illuminate\\Pipeline\\Pipeline->Illuminate\\Pipeline\\{closure}()
#27 /home/ubuntu/Desktop/finnwayy/vendor/laravel/framework/src/Illuminate/Pipeline/Pipeline.php(219): Illuminate\\Cookie\\Middleware\\EncryptCookies->handle()
#28 /home/ubuntu/Desktop/finnwayy/vendor/laravel/framework/src/Illuminate/Pipeline/Pipeline.php(137): Illuminate\\Pipeline\\Pipeline->Illuminate\\Pipeline\\{closure}()
#29 /home/ubuntu/Desktop/finnwayy/vendor/laravel/framework/src/Illuminate/Routing/Router.php(821): Illuminate\\Pipeline\\Pipeline->then()
#30 /home/ubuntu/Desktop/finnwayy/vendor/laravel/framework/src/Illuminate/Routing/Router.php(800): Illuminate\\Routing\\Router->runRouteWithinStack()
#31 /home/ubuntu/Desktop/finnwayy/vendor/laravel/framework/src/Illuminate/Routing/Router.php(764): Illuminate\\Routing\\Router->runRoute()
#32 /home/ubuntu/Desktop/finnwayy/vendor/laravel/framework/src/Illuminate/Routing/Router.php(753): Illuminate\\Routing\\Router->dispatchToRoute()
#33 /home/ubuntu/Desktop/finnwayy/vendor/laravel/framework/src/Illuminate/Foundation/Http/Kernel.php(200): Illuminate\\Routing\\Router->dispatch()
#34 /home/ubuntu/Desktop/finnwayy/vendor/laravel/framework/src/Illuminate/Pipeline/Pipeline.php(180): Illuminate\\Foundation\\Http\\Kernel->Illuminate\\Foundation\\Http\\{closure}()
#35 /home/ubuntu/Desktop/finnwayy/vendor/laravel/framework/src/Illuminate/Foundation/Http/Middleware/TransformsRequest.php(21): Illuminate\\Pipeline\\Pipeline->Illuminate\\Pipeline\\{closure}()
#36 /home/ubuntu/Desktop/finnwayy/vendor/laravel/framework/src/Illuminate/Foundation/Http/Middleware/ConvertEmptyStringsToNull.php(31): Illuminate\\Foundation\\Http\\Middleware\\TransformsRequest->handle()
#37 /home/ubuntu/Desktop/finnwayy/vendor/laravel/framework/src/Illuminate/Pipeline/Pipeline.php(219): Illuminate\\Foundation\\Http\\Middleware\\ConvertEmptyStringsToNull->handle()
#38 /home/ubuntu/Desktop/finnwayy/vendor/laravel/framework/src/Illuminate/Foundation/Http/Middleware/TransformsRequest.php(21): Illuminate\\Pipeline\\Pipeline->Illuminate\\Pipeline\\{closure}()
#39 /home/ubuntu/Desktop/finnwayy/vendor/laravel/framework/src/Illuminate/Foundation/Http/Middleware/TrimStrings.php(51): Illuminate\\Foundation\\Http\\Middleware\\TransformsRequest->handle()
#40 /home/ubuntu/Desktop/finnwayy/vendor/laravel/framework/src/Illuminate/Pipeline/Pipeline.php(219): Illuminate\\Foundation\\Http\\Middleware\\TrimStrings->handle()
#41 /home/ubuntu/Desktop/finnwayy/vendor/laravel/framework/src/Illuminate/Http/Middleware/ValidatePostSize.php(27): Illuminate\\Pipeline\\Pipeline->Illuminate\\Pipeline\\{closure}()
#42 /home/ubuntu/Desktop/finnwayy/vendor/laravel/framework/src/Illuminate/Pipeline/Pipeline.php(219): Illuminate\\Http\\Middleware\\ValidatePostSize->handle()
#43 /home/ubuntu/Desktop/finnwayy/vendor/laravel/framework/src/Illuminate/Foundation/Http/Middleware/PreventRequestsDuringMaintenance.php(110): Illuminate\\Pipeline\\Pipeline->Illuminate\\Pipeline\\{closure}()
#44 /home/ubuntu/Desktop/finnwayy/vendor/laravel/framework/src/Illuminate/Pipeline/Pipeline.php(219): Illuminate\\Foundation\\Http\\Middleware\\PreventRequestsDuringMaintenance->handle()
#45 /home/ubuntu/Desktop/finnwayy/vendor/laravel/framework/src/Illuminate/Http/Middleware/HandleCors.php(61): Illuminate\\Pipeline\\Pipeline->Illuminate\\Pipeline\\{closure}()
#46 /home/ubuntu/Desktop/finnwayy/vendor/laravel/framework/src/Illuminate/Pipeline/Pipeline.php(219): Illuminate\\Http\\Middleware\\HandleCors->handle()
#47 /home/ubuntu/Desktop/finnwayy/vendor/laravel/framework/src/Illuminate/Http/Middleware/TrustProxies.php(58): Illuminate\\Pipeline\\Pipeline->Illuminate\\Pipeline\\{closure}()
#48 /home/ubuntu/Desktop/finnwayy/vendor/laravel/framework/src/Illuminate/Pipeline/Pipeline.php(219): Illuminate\\Http\\Middleware\\TrustProxies->handle()
#49 /home/ubuntu/Desktop/finnwayy/vendor/laravel/framework/src/Illuminate/Foundation/Http/Middleware/InvokeDeferredCallbacks.php(22): Illuminate\\Pipeline\\Pipeline->Illuminate\\Pipeline\\{closure}()
#50 /home/ubuntu/Desktop/finnwayy/vendor/laravel/framework/src/Illuminate/Pipeline/Pipeline.php(219): Illuminate\\Foundation\\Http\\Middleware\\InvokeDeferredCallbacks->handle()
#51 /home/ubuntu/Desktop/finnwayy/vendor/laravel/framework/src/Illuminate/Http/Middleware/ValidatePathEncoding.php(28): Illuminate\\Pipeline\\Pipeline->Illuminate\\Pipeline\\{closure}()
#52 /home/ubuntu/Desktop/finnwayy/vendor/laravel/framework/src/Illuminate/Pipeline/Pipeline.php(219): Illuminate\\Http\\Middleware\\ValidatePathEncoding->handle()
#53 /home/ubuntu/Desktop/finnwayy/vendor/laravel/framework/src/Illuminate/Pipeline/Pipeline.php(137): Illuminate\\Pipeline\\Pipeline->Illuminate\\Pipeline\\{closure}()
#54 /home/ubuntu/Desktop/finnwayy/vendor/laravel/framework/src/Illuminate/Foundation/Http/Kernel.php(175): Illuminate\\Pipeline\\Pipeline->then()
#55 /home/ubuntu/Desktop/finnwayy/vendor/laravel/framework/src/Illuminate/Foundation/Http/Kernel.php(144): Illuminate\\Foundation\\Http\\Kernel->sendRequestThroughRouter()
#56 /home/ubuntu/Desktop/finnwayy/vendor/laravel/framework/src/Illuminate/Foundation/Application.php(1227): Illuminate\\Foundation\\Http\\Kernel->handle()
#57 /home/ubuntu/Desktop/finnwayy/public/index.php(20): Illuminate\\Foundation\\Application->handleRequest()
#58 /home/ubuntu/Desktop/finnwayy/vendor/laravel/framework/src/Illuminate/Foundation/resources/server.php(23): require_once('...')
#59 {main}

[previous exception] [object] (Illuminate\\View\\ViewException(code: 0): syntax error, unexpected token \",\" (View: /home/ubuntu/Desktop/finnwayy/resources/views/hub/portal/layout.blade.php) at /home/ubuntu/Desktop/finnwayy/storage/framework/views/7b43472b28a7ab8ae8ebbe8b2bf58005.php:164)
[stacktrace]
#0 /home/ubuntu/Desktop/finnwayy/vendor/laravel/framework/src/Illuminate/View/Engines/PhpEngine.php(59): Illuminate\\View\\Engines\\CompilerEngine->handleViewException()
#1 /home/ubuntu/Desktop/finnwayy/vendor/laravel/framework/src/Illuminate/View/Engines/CompilerEngine.php(76): Illuminate\\View\\Engines\\PhpEngine->evaluatePath()
#2 /home/ubuntu/Desktop/finnwayy/vendor/laravel/framework/src/Illuminate/View/View.php(208): Illuminate\\View\\Engines\\CompilerEngine->get()
#3 /home/ubuntu/Desktop/finnwayy/vendor/laravel/framework/src/Illuminate/View/View.php(191): Illuminate\\View\\View->getContents()
#4 /home/ubuntu/Desktop/finnwayy/vendor/laravel/framework/src/Illuminate/View/View.php(160): Illuminate\\View\\View->renderContents()
#5 /home/ubuntu/Desktop/finnwayy/storage/framework/views/61f8b692d4385b314bd417ea4d5071df.php(96): Illuminate\\View\\View->render()
#6 /home/ubuntu/Desktop/finnwayy/vendor/laravel/framework/src/Illuminate/Filesystem/Filesystem.php(123): require('...')
#7 /home/ubuntu/Desktop/finnwayy/vendor/laravel/framework/src/Illuminate/Filesystem/Filesystem.php(124): Illuminate\\Filesystem\\Filesystem::Illuminate\\Filesystem\\{closure}()
#8 /home/ubuntu/Desktop/finnwayy/vendor/laravel/framework/src/Illuminate/View/Engines/PhpEngine.php(57): Illuminate\\Filesystem\\Filesystem->getRequire()
#9 /home/ubuntu/Desktop/finnwayy/vendor/laravel/framework/src/Illuminate/View/Engines/CompilerEngine.php(76): Illuminate\\View\\Engines\\PhpEngine->evaluatePath()
#10 /home/ubuntu/Desktop/finnwayy/vendor/laravel/framework/src/Illuminate/View/View.php(208): Illuminate\\View\\Engines\\CompilerEngine->get()
#11 /home/ubuntu/Desktop/finnwayy/vendor/laravel/framework/src/Illuminate/View/View.php(191): Illuminate\\View\\View->getContents()
#12 /home/ubuntu/Desktop/finnwayy/vendor/laravel/framework/src/Illuminate/View/View.php(160): Illuminate\\View\\View->renderContents()
#13 /home/ubuntu/Desktop/finnwayy/vendor/laravel/framework/src/Illuminate/Http/Response.php(82): Illuminate\\View\\View->render()
#14 /home/ubuntu/Desktop/finnwayy/vendor/laravel/framework/src/Illuminate/Http/Response.php(40): Illuminate\\Http\\Response->setContent()
#15 /home/ubuntu/Desktop/finnwayy/vendor/laravel/framework/src/Illuminate/Routing/Router.php(939): Illuminate\\Http\\Response->__construct()
#16 /home/ubuntu/Desktop/finnwayy/vendor/laravel/framework/src/Illuminate/Routing/Router.php(906): Illuminate\\Routing\\Router::toResponse()
#17 /home/ubuntu/Desktop/finnwayy/vendor/laravel/framework/src/Illuminate/Routing/Router.php(821): Illuminate\\Routing\\Router->prepareResponse()
#18 /home/ubuntu/Desktop/finnwayy/vendor/laravel/framework/src/Illuminate/Pipeline/Pipeline.php(180): Illuminate\\Routing\\Router->Illuminate\\Routing\\{closure}()
#19 /home/ubuntu/Desktop/finnwayy/app/Http/Middleware/AdminMiddleware.php(29): Illuminate\\Pipeline\\Pipeline->Illuminate\\Pipeline\\{closure}()
#20 /home/ubuntu/Desktop/finnwayy/vendor/laravel/framework/src/Illuminate/Pipeline/Pipeline.php(219): App\\Http\\Middleware\\AdminMiddleware->handle()
#21 /home/ubuntu/Desktop/finnwayy/vendor/laravel/framework/src/Illuminate/Routing/Middleware/SubstituteBindings.php(52): Illuminate\\Pipeline\\Pipeline->Illuminate\\Pipeline\\{closure}()
#22 /home/ubuntu/Desktop/finnwayy/vendor/laravel/framework/src/Illuminate/Pipeline/Pipeline.php(219): Illuminate\\Routing\\Middleware\\SubstituteBindings->handle()
#23 /home/ubuntu/Desktop/finnwayy/vendor/laravel/framework/src/Illuminate/Auth/Middleware/Authenticate.php(63): Illuminate\\Pipeline\\Pipeline->Illuminate\\Pipeline\\{closure}()
#24 /home/ubuntu/Desktop/finnwayy/vendor/laravel/framework/src/Illuminate/Pipeline/Pipeline.php(219): Illuminate\\Auth\\Middleware\\Authenticate->handle()
#25 /home/ubuntu/Desktop/finnwayy/vendor/laravel/framework/src/Illuminate/Foundation/Http/Middleware/PreventRequestForgery.php(104): Illuminate\\Pipeline\\Pipeline->Illuminate\\Pipeline\\{closure}()
#26 /home/ubuntu/Desktop/finnwayy/vendor/laravel/framework/src/Illuminate/Pipeline/Pipeline.php(219): Illuminate\\Foundation\\Http\\Middleware\\PreventRequestForgery->handle()
#27 /home/ubuntu/Desktop/finnwayy/vendor/laravel/framework/src/Illuminate/View/Middleware/ShareErrorsFromSession.php(48): Illuminate\\Pipeline\\Pipeline->Illuminate\\Pipeline\\{closure}()
#28 /home/ubuntu/Desktop/finnwayy/vendor/laravel/framework/src/Illuminate/Pipeline/Pipeline.php(219): Illuminate\\View\\Middleware\\ShareErrorsFromSession->handle()
#29 /home/ubuntu/Desktop/finnwayy/vendor/laravel/framework/src/Illuminate/Session/Middleware/StartSession.php(120): Illuminate\\Pipeline\\Pipeline->Illuminate\\Pipeline\\{closure}()
#30 /home/ubuntu/Desktop/finnwayy/vendor/laravel/framework/src/Illuminate/Session/Middleware/StartSession.php(63): Illuminate\\Session\\Middleware\\StartSession->handleStatefulRequest()
#31 /home/ubuntu/Desktop/finnwayy/vendor/laravel/framework/src/Illuminate/Pipeline/Pipeline.php(219): Illuminate\\Session\\Middleware\\StartSession->handle()
#32 /home/ubuntu/Desktop/finnwayy/vendor/laravel/framework/src/Illuminate/Cookie/Middleware/AddQueuedCookiesToResponse.php(36): Illuminate\\Pipeline\\Pipeline->Illuminate\\Pipeline\\{closure}()
#33 /home/ubuntu/Desktop/finnwayy/vendor/laravel/framework/src/Illuminate/Pipeline/Pipeline.php(219): Illuminate\\Cookie\\Middleware\\AddQueuedCookiesToResponse->handle()
#34 /home/ubuntu/Desktop/finnwayy/vendor/laravel/framework/src/Illuminate/Cookie/Middleware/EncryptCookies.php(74): Illuminate\\Pipeline\\Pipeline->Illuminate\\Pipeline\\{closure}()
#35 /home/ubuntu/Desktop/finnwayy/vendor/laravel/framework/src/Illuminate/Pipeline/Pipeline.php(219): Illuminate\\Cookie\\Middleware\\EncryptCookies->handle()
#36 /home/ubuntu/Desktop/finnwayy/vendor/laravel/framework/src/Illuminate/Pipeline/Pipeline.php(137): Illuminate\\Pipeline\\Pipeline->Illuminate\\Pipeline\\{closure}()
#37 /home/ubuntu/Desktop/finnwayy/vendor/laravel/framework/src/Illuminate/Routing/Router.php(821): Illuminate\\Pipeline\\Pipeline->then()
#38 /home/ubuntu/Desktop/finnwayy/vendor/laravel/framework/src/Illuminate/Routing/Router.php(800): Illuminate\\Routing\\Router->runRouteWithinStack()
#39 /home/ubuntu/Desktop/finnwayy/vendor/laravel/framework/src/Illuminate/Routing/Router.php(764): Illuminate\\Routing\\Router->runRoute()
#40 /home/ubuntu/Desktop/finnwayy/vendor/laravel/framework/src/Illuminate/Routing/Router.php(753): Illuminate\\Routing\\Router->dispatchToRoute()
#41 /home/ubuntu/Desktop/finnwayy/vendor/laravel/framework/src/Illuminate/Foundation/Http/Kernel.php(200): Illuminate\\Routing\\Router->dispatch()
#42 /home/ubuntu/Desktop/finnwayy/vendor/laravel/framework/src/Illuminate/Pipeline/Pipeline.php(180): Illuminate\\Foundation\\Http\\Kernel->Illuminate\\Foundation\\Http\\{closure}()
#43 /home/ubuntu/Desktop/finnwayy/vendor/laravel/framework/src/Illuminate/Foundation/Http/Middleware/TransformsRequest.php(21): Illuminate\\Pipeline\\Pipeline->Illuminate\\Pipeline\\{closure}()
#44 /home/ubuntu/Desktop/finnwayy/vendor/laravel/framework/src/Illuminate/Foundation/Http/Middleware/ConvertEmptyStringsToNull.php(31): Illuminate\\Foundation\\Http\\Middleware\\TransformsRequest->handle()
#45 /home/ubuntu/Desktop/finnwayy/vendor/laravel/framework/src/Illuminate/Pipeline/Pipeline.php(219): Illuminate\\Foundation\\Http\\Middleware\\ConvertEmptyStringsToNull->handle()
#46 /home/ubuntu/Desktop/finnwayy/vendor/laravel/framework/src/Illuminate/Foundation/Http/Middleware/TransformsRequest.php(21): Illuminate\\Pipeline\\Pipeline->Illuminate\\Pipeline\\{closure}()
#47 /home/ubuntu/Desktop/finnwayy/vendor/laravel/framework/src/Illuminate/Foundation/Http/Middleware/TrimStrings.php(51): Illuminate\\Foundation\\Http\\Middleware\\TransformsRequest->handle()
#48 /home/ubuntu/Desktop/finnwayy/vendor/laravel/framework/src/Illuminate/Pipeline/Pipeline.php(219): Illuminate\\Foundation\\Http\\Middleware\\TrimStrings->handle()
#49 /home/ubuntu/Desktop/finnwayy/vendor/laravel/framework/src/Illuminate/Http/Middleware/ValidatePostSize.php(27): Illuminate\\Pipeline\\Pipeline->Illuminate\\Pipeline\\{closure}()
#50 /home/ubuntu/Desktop/finnwayy/vendor/laravel/framework/src/Illuminate/Pipeline/Pipeline.php(219): Illuminate\\Http\\Middleware\\ValidatePostSize->handle()
#51 /home/ubuntu/Desktop/finnwayy/vendor/laravel/framework/src/Illuminate/Foundation/Http/Middleware/PreventRequestsDuringMaintenance.php(110): Illuminate\\Pipeline\\Pipeline->Illuminate\\Pipeline\\{closure}()
#52 /home/ubuntu/Desktop/finnwayy/vendor/laravel/framework/src/Illuminate/Pipeline/Pipeline.php(219): Illuminate\\Foundation\\Http\\Middleware\\PreventRequestsDuringMaintenance->handle()
#53 /home/ubuntu/Desktop/finnwayy/vendor/laravel/framework/src/Illuminate/Http/Middleware/HandleCors.php(61): Illuminate\\Pipeline\\Pipeline->Illuminate\\Pipeline\\{closure}()
#54 /home/ubuntu/Desktop/finnwayy/vendor/laravel/framework/src/Illuminate/Pipeline/Pipeline.php(219): Illuminate\\Http\\Middleware\\HandleCors->handle()
#55 /home/ubuntu/Desktop/finnwayy/vendor/laravel/framework/src/Illuminate/Http/Middleware/TrustProxies.php(58): Illuminate\\Pipeline\\Pipeline->Illuminate\\Pipeline\\{closure}()
#56 /home/ubuntu/Desktop/finnwayy/vendor/laravel/framework/src/Illuminate/Pipeline/Pipeline.php(219): Illuminate\\Http\\Middleware\\TrustProxies->handle()
#57 /home/ubuntu/Desktop/finnwayy/vendor/laravel/framework/src/Illuminate/Foundation/Http/Middleware/InvokeDeferredCallbacks.php(22): Illuminate\\Pipeline\\Pipeline->Illuminate\\Pipeline\\{closure}()
#58 /home/ubuntu/Desktop/finnwayy/vendor/laravel/framework/src/Illuminate/Pipeline/Pipeline.php(219): Illuminate\\Foundation\\Http\\Middleware\\InvokeDeferredCallbacks->handle()
#59 /home/ubuntu/Desktop/finnwayy/vendor/laravel/framework/src/Illuminate/Http/Middleware/ValidatePathEncoding.php(28): Illuminate\\Pipeline\\Pipeline->Illuminate\\Pipeline\\{closure}()
#60 /home/ubuntu/Desktop/finnwayy/vendor/laravel/framework/src/Illuminate/Pipeline/Pipeline.php(219): Illuminate\\Http\\Middleware\\ValidatePathEncoding->handle()
#61 /home/ubuntu/Desktop/finnwayy/vendor/laravel/framework/src/Illuminate/Pipeline/Pipeline.php(137): Illuminate\\Pipeline\\Pipeline->Illuminate\\Pipeline\\{closure}()
#62 /home/ubuntu/Desktop/finnwayy/vendor/laravel/framework/src/Illuminate/Foundation/Http/Kernel.php(175): Illuminate\\Pipeline\\Pipeline->then()
#63 /home/ubuntu/Desktop/finnwayy/vendor/laravel/framework/src/Illuminate/Foundation/Http/Kernel.php(144): Illuminate\\Foundation\\Http\\Kernel->sendRequestThroughRouter()
#64 /home/ubuntu/Desktop/finnwayy/vendor/laravel/framework/src/Illuminate/Foundation/Application.php(1227): Illuminate\\Foundation\\Http\\Kernel->handle()
#65 /home/ubuntu/Desktop/finnwayy/public/index.php(20): Illuminate\\Foundation\\Application->handleRequest()
#66 /home/ubuntu/Desktop/finnwayy/vendor/laravel/framework/src/Illuminate/Foundation/resources/server.php(23): require_once('...')
#67 {main}

[previous exception] [object] (ParseError(code: 0): syntax error, unexpected token \",\" at /home/ubuntu/Desktop/finnwayy/storage/framework/views/7b43472b28a7ab8ae8ebbe8b2bf58005.php:164)
[stacktrace]
#0 /home/ubuntu/Desktop/finnwayy/vendor/laravel/framework/src/Illuminate/Filesystem/Filesystem.php(124): Illuminate\\Filesystem\\Filesystem::Illuminate\\Filesystem\\{closure}()
#1 /home/ubuntu/Desktop/finnwayy/vendor/laravel/framework/src/Illuminate/View/Engines/PhpEngine.php(57): Illuminate\\Filesystem\\Filesystem->getRequire()
#2 /home/ubuntu/Desktop/finnwayy/vendor/laravel/framework/src/Illuminate/View/Engines/CompilerEngine.php(76): Illuminate\\View\\Engines\\PhpEngine->evaluatePath()
#3 /home/ubuntu/Desktop/finnwayy/vendor/laravel/framework/src/Illuminate/View/View.php(208): Illuminate\\View\\Engines\\CompilerEngine->get()
#4 /home/ubuntu/Desktop/finnwayy/vendor/laravel/framework/src/Illuminate/View/View.php(191): Illuminate\\View\\View->getContents()
#5 /home/ubuntu/Desktop/finnwayy/vendor/laravel/framework/src/Illuminate/View/View.php(160): Illuminate\\View\\View->renderContents()
#6 /home/ubuntu/Desktop/finnwayy/storage/framework/views/61f8b692d4385b314bd417ea4d5071df.php(96): Illuminate\\View\\View->render()
#7 /home/ubuntu/Desktop/finnwayy/vendor/laravel/framework/src/Illuminate/Filesystem/Filesystem.php(123): require('...')
#8 /home/ubuntu/Desktop/finnwayy/vendor/laravel/framework/src/Illuminate/Filesystem/Filesystem.php(124): Illuminate\\Filesystem\\Filesystem::Illuminate\\Filesystem\\{closure}()
#9 /home/ubuntu/Desktop/finnwayy/vendor/laravel/framework/src/Illuminate/View/Engines/PhpEngine.php(57): Illuminate\\Filesystem\\Filesystem->getRequire()
#10 /home/ubuntu/Desktop/finnwayy/vendor/laravel/framework/src/Illuminate/View/Engines/CompilerEngine.php(76): Illuminate\\View\\Engines\\PhpEngine->evaluatePath()
#11 /home/ubuntu/Desktop/finnwayy/vendor/laravel/framework/src/Illuminate/View/View.php(208): Illuminate\\View\\Engines\\CompilerEngine->get()
#12 /home/ubuntu/Desktop/finnwayy/vendor/laravel/framework/src/Illuminate/View/View.php(191): Illuminate\\View\\View->getContents()
#13 /home/ubuntu/Desktop/finnwayy/vendor/laravel/framework/src/Illuminate/View/View.php(160): Illuminate\\View\\View->renderContents()
#14 /home/ubuntu/Desktop/finnwayy/vendor/laravel/framework/src/Illuminate/Http/Response.php(82): Illuminate\\View\\View->render()
#15 /home/ubuntu/Desktop/finnwayy/vendor/laravel/framework/src/Illuminate/Http/Response.php(40): Illuminate\\Http\\Response->setContent()
#16 /home/ubuntu/Desktop/finnwayy/vendor/laravel/framework/src/Illuminate/Routing/Router.php(939): Illuminate\\Http\\Response->__construct()
#17 /home/ubuntu/Desktop/finnwayy/vendor/laravel/framework/src/Illuminate/Routing/Router.php(906): Illuminate\\Routing\\Router::toResponse()
#18 /home/ubuntu/Desktop/finnwayy/vendor/laravel/framework/src/Illuminate/Routing/Router.php(821): Illuminate\\Routing\\Router->prepareResponse()
#19 /home/ubuntu/Desktop/finnwayy/vendor/laravel/framework/src/Illuminate/Pipeline/Pipeline.php(180): Illuminate\\Routing\\Router->Illuminate\\Routing\\{closure}()
#20 /home/ubuntu/Desktop/finnwayy/app/Http/Middleware/AdminMiddleware.php(29): Illuminate\\Pipeline\\Pipeline->Illuminate\\Pipeline\\{closure}()
#21 /home/ubuntu/Desktop/finnwayy/vendor/laravel/framework/src/Illuminate/Pipeline/Pipeline.php(219): App\\Http\\Middleware\\AdminMiddleware->handle()
#22 /home/ubuntu/Desktop/finnwayy/vendor/laravel/framework/src/Illuminate/Routing/Middleware/SubstituteBindings.php(52): Illuminate\\Pipeline\\Pipeline->Illuminate\\Pipeline\\{closure}()
#23 /home/ubuntu/Desktop/finnwayy/vendor/laravel/framework/src/Illuminate/Pipeline/Pipeline.php(219): Illuminate\\Routing\\Middleware\\SubstituteBindings->handle()
#24 /home/ubuntu/Desktop/finnwayy/vendor/laravel/framework/src/Illuminate/Auth/Middleware/Authenticate.php(63): Illuminate\\Pipeline\\Pipeline->Illuminate\\Pipeline\\{closure}()
#25 /home/ubuntu/Desktop/finnwayy/vendor/laravel/framework/src/Illuminate/Pipeline/Pipeline.php(219): Illuminate\\Auth\\Middleware\\Authenticate->handle()
#26 /home/ubuntu/Desktop/finnwayy/vendor/laravel/framework/src/Illuminate/Foundation/Http/Middleware/PreventRequestForgery.php(104): Illuminate\\Pipeline\\Pipeline->Illuminate\\Pipeline\\{closure}()
#27 /home/ubuntu/Desktop/finnwayy/vendor/laravel/framework/src/Illuminate/Pipeline/Pipeline.php(219): Illuminate\\Foundation\\Http\\Middleware\\PreventRequestForgery->handle()
#28 /home/ubuntu/Desktop/finnwayy/vendor/laravel/framework/src/Illuminate/View/Middleware/ShareErrorsFromSession.php(48): Illuminate\\Pipeline\\Pipeline->Illuminate\\Pipeline\\{closure}()
#29 /home/ubuntu/Desktop/finnwayy/vendor/laravel/framework/src/Illuminate/Pipeline/Pipeline.php(219): Illuminate\\View\\Middleware\\ShareErrorsFromSession->handle()
#30 /home/ubuntu/Desktop/finnwayy/vendor/laravel/framework/src/Illuminate/Session/Middleware/StartSession.php(120): Illuminate\\Pipeline\\Pipeline->Illuminate\\Pipeline\\{closure}()
#31 /home/ubuntu/Desktop/finnwayy/vendor/laravel/framework/src/Illuminate/Session/Middleware/StartSession.php(63): Illuminate\\Session\\Middleware\\StartSession->handleStatefulRequest()
#32 /home/ubuntu/Desktop/finnwayy/vendor/laravel/framework/src/Illuminate/Pipeline/Pipeline.php(219): Illuminate\\Session\\Middleware\\StartSession->handle()
#33 /home/ubuntu/Desktop/finnwayy/vendor/laravel/framework/src/Illuminate/Cookie/Middleware/AddQueuedCookiesToResponse.php(36): Illuminate\\Pipeline\\Pipeline->Illuminate\\Pipeline\\{closure}()
#34 /home/ubuntu/Desktop/finnwayy/vendor/laravel/framework/src/Illuminate/Pipeline/Pipeline.php(219): Illuminate\\Cookie\\Middleware\\AddQueuedCookiesToResponse->handle()
#35 /home/ubuntu/Desktop/finnwayy/vendor/laravel/framework/src/Illuminate/Cookie/Middleware/EncryptCookies.php(74): Illuminate\\Pipeline\\Pipeline->Illuminate\\Pipeline\\{closure}()
#36 /home/ubuntu/Desktop/finnwayy/vendor/laravel/framework/src/Illuminate/Pipeline/Pipeline.php(219): Illuminate\\Cookie\\Middleware\\EncryptCookies->handle()
#37 /home/ubuntu/Desktop/finnwayy/vendor/laravel/framework/src/Illuminate/Pipeline/Pipeline.php(137): Illuminate\\Pipeline\\Pipeline->Illuminate\\Pipeline\\{closure}()
#38 /home/ubuntu/Desktop/finnwayy/vendor/laravel/framework/src/Illuminate/Routing/Router.php(821): Illuminate\\Pipeline\\Pipeline->then()
#39 /home/ubuntu/Desktop/finnwayy/vendor/laravel/framework/src/Illuminate/Routing/Router.php(800): Illuminate\\Routing\\Router->runRouteWithinStack()
#40 /home/ubuntu/Desktop/finnwayy/vendor/laravel/framework/src/Illuminate/Routing/Router.php(764): Illuminate\\Routing\\Router->runRoute()
#41 /home/ubuntu/Desktop/finnwayy/vendor/laravel/framework/src/Illuminate/Routing/Router.php(753): Illuminate\\Routing\\Router->dispatchToRoute()
#42 /home/ubuntu/Desktop/finnwayy/vendor/laravel/framework/src/Illuminate/Foundation/Http/Kernel.php(200): Illuminate\\Routing\\Router->dispatch()
#43 /home/ubuntu/Desktop/finnwayy/vendor/laravel/framework/src/Illuminate/Pipeline/Pipeline.php(180): Illuminate\\Foundation\\Http\\Kernel->Illuminate\\Foundation\\Http\\{closure}()
#44 /home/ubuntu/Desktop/finnwayy/vendor/laravel/framework/src/Illuminate/Foundation/Http/Middleware/TransformsRequest.php(21): Illuminate\\Pipeline\\Pipeline->Illuminate\\Pipeline\\{closure}()
#45 /home/ubuntu/Desktop/finnwayy/vendor/laravel/framework/src/Illuminate/Foundation/Http/Middleware/ConvertEmptyStringsToNull.php(31): Illuminate\\Foundation\\Http\\Middleware\\TransformsRequest->handle()
#46 /home/ubuntu/Desktop/finnwayy/vendor/laravel/framework/src/Illuminate/Pipeline/Pipeline.php(219): Illuminate\\Foundation\\Http\\Middleware\\ConvertEmptyStringsToNull->handle()
#47 /home/ubuntu/Desktop/finnwayy/vendor/laravel/framework/src/Illuminate/Foundation/Http/Middleware/TransformsRequest.php(21): Illuminate\\Pipeline\\Pipeline->Illuminate\\Pipeline\\{closure}()
#48 /home/ubuntu/Desktop/finnwayy/vendor/laravel/framework/src/Illuminate/Foundation/Http/Middleware/TrimStrings.php(51): Illuminate\\Foundation\\Http\\Middleware\\TransformsRequest->handle()
#49 /home/ubuntu/Desktop/finnwayy/vendor/laravel/framework/src/Illuminate/Pipeline/Pipeline.php(219): Illuminate\\Foundation\\Http\\Middleware\\TrimStrings->handle()
#50 /home/ubuntu/Desktop/finnwayy/vendor/laravel/framework/src/Illuminate/Http/Middleware/ValidatePostSize.php(27): Illuminate\\Pipeline\\Pipeline->Illuminate\\Pipeline\\{closure}()
#51 /home/ubuntu/Desktop/finnwayy/vendor/laravel/framework/src/Illuminate/Pipeline/Pipeline.php(219): Illuminate\\Http\\Middleware\\ValidatePostSize->handle()
#52 /home/ubuntu/Desktop/finnwayy/vendor/laravel/framework/src/Illuminate/Foundation/Http/Middleware/PreventRequestsDuringMaintenance.php(110): Illuminate\\Pipeline\\Pipeline->Illuminate\\Pipeline\\{closure}()
#53 /home/ubuntu/Desktop/finnwayy/vendor/laravel/framework/src/Illuminate/Pipeline/Pipeline.php(219): Illuminate\\Foundation\\Http\\Middleware\\PreventRequestsDuringMaintenance->handle()
#54 /home/ubuntu/Desktop/finnwayy/vendor/laravel/framework/src/Illuminate/Http/Middleware/HandleCors.php(61): Illuminate\\Pipeline\\Pipeline->Illuminate\\Pipeline\\{closure}()
#55 /home/ubuntu/Desktop/finnwayy/vendor/laravel/framework/src/Illuminate/Pipeline/Pipeline.php(219): Illuminate\\Http\\Middleware\\HandleCors->handle()
#56 /home/ubuntu/Desktop/finnwayy/vendor/laravel/framework/src/Illuminate/Http/Middleware/TrustProxies.php(58): Illuminate\\Pipeline\\Pipeline->Illuminate\\Pipeline\\{closure}()
#57 /home/ubuntu/Desktop/finnwayy/vendor/laravel/framework/src/Illuminate/Pipeline/Pipeline.php(219): Illuminate\\Http\\Middleware\\TrustProxies->handle()
#58 /home/ubuntu/Desktop/finnwayy/vendor/laravel/framework/src/Illuminate/Foundation/Http/Middleware/InvokeDeferredCallbacks.php(22): Illuminate\\Pipeline\\Pipeline->Illuminate\\Pipeline\\{closure}()
#59 /home/ubuntu/Desktop/finnwayy/vendor/laravel/framework/src/Illuminate/Pipeline/Pipeline.php(219): Illuminate\\Foundation\\Http\\Middleware\\InvokeDeferredCallbacks->handle()
#60 /home/ubuntu/Desktop/finnwayy/vendor/laravel/framework/src/Illuminate/Http/Middleware/ValidatePathEncoding.php(28): Illuminate\\Pipeline\\Pipeline->Illuminate\\Pipeline\\{closure}()
#61 /home/ubuntu/Desktop/finnwayy/vendor/laravel/framework/src/Illuminate/Pipeline/Pipeline.php(219): Illuminate\\Http\\Middleware\\ValidatePathEncoding->handle()
#62 /home/ubuntu/Desktop/finnwayy/vendor/laravel/framework/src/Illuminate/Pipeline/Pipeline.php(137): Illuminate\\Pipeline\\Pipeline->Illuminate\\Pipeline\\{closure}()
#63 /home/ubuntu/Desktop/finnwayy/vendor/laravel/framework/src/Illuminate/Foundation/Http/Kernel.php(175): Illuminate\\Pipeline\\Pipeline->then()
#64 /home/ubuntu/Desktop/finnwayy/vendor/laravel/framework/src/Illuminate/Foundation/Http/Kernel.php(144): Illuminate\\Foundation\\Http\\Kernel->sendRequestThroughRouter()
#65 /home/ubuntu/Desktop/finnwayy/vendor/laravel/framework/src/Illuminate/Foundation/Application.php(1227): Illuminate\\Foundation\\Http\\Kernel->handle()
#66 /home/ubuntu/Desktop/finnwayy/public/index.php(20): Illuminate\\Foundation\\Application->handleRequest()
#67 /home/ubuntu/Desktop/finnwayy/vendor/laravel/framework/src/Illuminate/Foundation/resources/server.php(23): require_once('...')
#68 {main}
"} 
[2026-09-11 06:53:04] production.ERROR: could not find driver (Connection: mysql, Host: 127.0.0.1, Port: 3306, Database: u910898544_fiinway, SQL: select * from `sessions` where `id` = gHQy5DHtcAAs0zfltbrvEZ2cJi3A4z2fWNmoLEYI limit 1) {"exception":"[object] (Illuminate\\Database\\QueryException(code: 0): could not find driver (Connection: mysql, Host: 127.0.0.1, Port: 3306, Database: u910898544_fiinway, SQL: select * from `sessions` where `id` = gHQy5DHtcAAs0zfltbrvEZ2cJi3A4z2fWNmoLEYI limit 1) at /home/ubuntu/Desktop/finnwayy/vendor/laravel/framework/src/Illuminate/Database/Connection.php:857)
[stacktrace]
#0 /home/ubuntu/Desktop/finnwayy/vendor/laravel/framework/src/Illuminate/Database/Connection.php(813): Illuminate\\Database\\Connection->runQueryCallback()
#1 /home/ubuntu/Desktop/finnwayy/vendor/laravel/framework/src/Illuminate/Database/Connection.php(426): Illuminate\\Database\\Connection->run()
#2 /home/ubuntu/Desktop/finnwayy/vendor/laravel/framework/src/Illuminate/Database/Query/Builder.php(3573): Illuminate\\Database\\Connection->select()
#3 /home/ubuntu/Desktop/finnwayy/vendor/laravel/framework/src/Illuminate/Database/Query/Builder.php(3557): Illuminate\\Database\\Query\\Builder->runSelect()
#4 /home/ubuntu/Desktop/finnwayy/vendor/laravel/framework/src/Illuminate/Database/Concerns/BuildsQueries.php(366): Illuminate\\Database\\Query\\Builder->get()
#5 /home/ubuntu/Desktop/finnwayy/vendor/laravel/framework/src/Illuminate/Database/Query/Builder.php(3475): Illuminate\\Database\\Query\\Builder->first()
#6 /home/ubuntu/Desktop/finnwayy/vendor/laravel/framework/src/Illuminate/Session/DatabaseSessionHandler.php(96): Illuminate\\Database\\Query\\Builder->find()
#7 /home/ubuntu/Desktop/finnwayy/vendor/laravel/framework/src/Illuminate/Session/Store.php(128): Illuminate\\Session\\DatabaseSessionHandler->read()
#8 /home/ubuntu/Desktop/finnwayy/vendor/laravel/framework/src/Illuminate/Session/Store.php(116): Illuminate\\Session\\Store->readFromHandler()
#9 /home/ubuntu/Desktop/finnwayy/vendor/laravel/framework/src/Illuminate/Session/Store.php(100): Illuminate\\Session\\Store->loadSession()
#10 /home/ubuntu/Desktop/finnwayy/vendor/laravel/framework/src/Illuminate/Session/Middleware/StartSession.php(146): Illuminate\\Session\\Store->start()
#11 /home/ubuntu/Desktop/finnwayy/vendor/laravel/framework/src/Illuminate/Support/helpers.php(393): Illuminate\\Session\\Middleware\\StartSession->Illuminate\\Session\\Middleware\\{closure}()
#12 /home/ubuntu/Desktop/finnwayy/vendor/laravel/framework/src/Illuminate/Session/Middleware/StartSession.php(143): tap()
#13 /home/ubuntu/Desktop/finnwayy/vendor/laravel/framework/src/Illuminate/Session/Middleware/StartSession.php(115): Illuminate\\Session\\Middleware\\StartSession->startSession()
#14 /home/ubuntu/Desktop/finnwayy/vendor/laravel/framework/src/Illuminate/Session/Middleware/StartSession.php(63): Illuminate\\Session\\Middleware\\StartSession->handleStatefulRequest()
#15 /home/ubuntu/Desktop/finnwayy/vendor/laravel/framework/src/Illuminate/Pipeline/Pipeline.php(219): Illuminate\\Session\\Middleware\\StartSession->handle()
#16 /home/ubuntu/Desktop/finnwayy/vendor/laravel/framework/src/Illuminate/Cookie/Middleware/AddQueuedCookiesToResponse.php(36): Illuminate\\Pipeline\\Pipeline->Illuminate\\Pipeline\\{closure}()
#17 /home/ubuntu/Desktop/finnwayy/vendor/laravel/framework/src/Illuminate/Pipeline/Pipeline.php(219): Illuminate\\Cookie\\Middleware\\AddQueuedCookiesToResponse->handle()
#18 /home/ubuntu/Desktop/finnwayy/vendor/laravel/framework/src/Illuminate/Cookie/Middleware/EncryptCookies.php(74): Illuminate\\Pipeline\\Pipeline->Illuminate\\Pipeline\\{closure}()
#19 /home/ubuntu/Desktop/finnwayy/vendor/laravel/framework/src/Illuminate/Pipeline/Pipeline.php(219): Illuminate\\Cookie\\Middleware\\EncryptCookies->handle()
#20 /home/ubuntu/Desktop/finnwayy/vendor/laravel/framework/src/Illuminate/Pipeline/Pipeline.php(137): Illuminate\\Pipeline\\Pipeline->Illuminate\\Pipeline\\{closure}()
#21 /home/ubuntu/Desktop/finnwayy/vendor/laravel/framework/src/Illuminate/Routing/Router.php(821): Illuminate\\Pipeline\\Pipeline->then()
#22 /home/ubuntu/Desktop/finnwayy/vendor/laravel/framework/src/Illuminate/Routing/Router.php(800): Illuminate\\Routing\\Router->runRouteWithinStack()
#23 /home/ubuntu/Desktop/finnwayy/vendor/laravel/framework/src/Illuminate/Routing/Router.php(764): Illuminate\\Routing\\Router->runRoute()
#24 /home/ubuntu/Desktop/finnwayy/vendor/laravel/framework/src/Illuminate/Routing/Router.php(753): Illuminate\\Routing\\Router->dispatchToRoute()
#25 /home/ubuntu/Desktop/finnwayy/vendor/laravel/framework/src/Illuminate/Foundation/Http/Kernel.php(200): Illuminate\\Routing\\Router->dispatch()
#26 /home/ubuntu/Desktop/finnwayy/vendor/laravel/framework/src/Illuminate/Pipeline/Pipeline.php(180): Illuminate\\Foundation\\Http\\Kernel->Illuminate\\Foundation\\Http\\{closure}()
#27 /home/ubuntu/Desktop/finnwayy/vendor/laravel/framework/src/Illuminate/Foundation/Http/Middleware/TransformsRequest.php(21): Illuminate\\Pipeline\\Pipeline->Illuminate\\Pipeline\\{closure}()
#28 /home/ubuntu/Desktop/finnwayy/vendor/laravel/framework/src/Illuminate/Foundation/Http/Middleware/ConvertEmptyStringsToNull.php(31): Illuminate\\Foundation\\Http\\Middleware\\TransformsRequest->handle()
#29 /home/ubuntu/Desktop/finnwayy/vendor/laravel/framework/src/Illuminate/Pipeline/Pipeline.php(219): Illuminate\\Foundation\\Http\\Middleware\\ConvertEmptyStringsToNull->handle()
#30 /home/ubuntu/Desktop/finnwayy/vendor/laravel/framework/src/Illuminate/Foundation/Http/Middleware/TransformsRequest.php(21): Illuminate\\Pipeline\\Pipeline->Illuminate\\Pipeline\\{closure}()
#31 /home/ubuntu/Desktop/finnwayy/vendor/laravel/framework/src/Illuminate/Foundation/Http/Middleware/TrimStrings.php(51): Illuminate\\Foundation\\Http\\Middleware\\TransformsRequest->handle()
#32 /home/ubuntu/Desktop/finnwayy/vendor/laravel/framework/src/Illuminate/Pipeline/Pipeline.php(219): Illuminate\\Foundation\\Http\\Middleware\\TrimStrings->handle()
#33 /home/ubuntu/Desktop/finnwayy/vendor/laravel/framework/src/Illuminate/Http/Middleware/ValidatePostSize.php(27): Illuminate\\Pipeline\\Pipeline->Illuminate\\Pipeline\\{closure}()
#34 /home/ubuntu/Desktop/finnwayy/vendor/laravel/framework/src/Illuminate/Pipeline/Pipeline.php(219): Illuminate\\Http\\Middleware\\ValidatePostSize->handle()
#35 /home/ubuntu/Desktop/finnwayy/vendor/laravel/framework/src/Illuminate/Foundation/Http/Middleware/PreventRequestsDuringMaintenance.php(110): Illuminate\\Pipeline\\Pipeline->Illuminate\\Pipeline\\{closure}()
#36 /home/ubuntu/Desktop/finnwayy/vendor/laravel/framework/src/Illuminate/Pipeline/Pipeline.php(219): Illuminate\\Foundation\\Http\\Middleware\\PreventRequestsDuringMaintenance->handle()
#37 /home/ubuntu/Desktop/finnwayy/vendor/laravel/framework/src/Illuminate/Http/Middleware/HandleCors.php(61): Illuminate\\Pipeline\\Pipeline->Illuminate\\Pipeline\\{closure}()
#38 /home/ubuntu/Desktop/finnwayy/vendor/laravel/framework/src/Illuminate/Pipeline/Pipeline.php(219): Illuminate\\Http\\Middleware\\HandleCors->handle()
#39 /home/ubuntu/Desktop/finnwayy/vendor/laravel/framework/src/Illuminate/Http/Middleware/TrustProxies.php(58): Illuminate\\Pipeline\\Pipeline->Illuminate\\Pipeline\\{closure}()
#40 /home/ubuntu/Desktop/finnwayy/vendor/laravel/framework/src/Illuminate/Pipeline/Pipeline.php(219): Illuminate\\Http\\Middleware\\TrustProxies->handle()
#41 /home/ubuntu/Desktop/finnwayy/vendor/laravel/framework/src/Illuminate/Foundation/Http/Middleware/InvokeDeferredCallbacks.php(22): Illuminate\\Pipeline\\Pipeline->Illuminate\\Pipeline\\{closure}()
#42 /home/ubuntu/Desktop/finnwayy/vendor/laravel/framework/src/Illuminate/Pipeline/Pipeline.php(219): Illuminate\\Foundation\\Http\\Middleware\\InvokeDeferredCallbacks->handle()
#43 /home/ubuntu/Desktop/finnwayy/vendor/laravel/framework/src/Illuminate/Http/Middleware/ValidatePathEncoding.php(28): Illuminate\\Pipeline\\Pipeline->Illuminate\\Pipeline\\{closure}()
#44 /home/ubuntu/Desktop/finnwayy/vendor/laravel/framework/src/Illuminate/Pipeline/Pipeline.php(219): Illuminate\\Http\\Middleware\\ValidatePathEncoding->handle()
#45 /home/ubuntu/Desktop/finnwayy/vendor/laravel/framework/src/Illuminate/Pipeline/Pipeline.php(137): Illuminate\\Pipeline\\Pipeline->Illuminate\\Pipeline\\{closure}()
#46 /home/ubuntu/Desktop/finnwayy/vendor/laravel/framework/src/Illuminate/Foundation/Http/Kernel.php(175): Illuminate\\Pipeline\\Pipeline->then()
#47 /home/ubuntu/Desktop/finnwayy/vendor/laravel/framework/src/Illuminate/Foundation/Http/Kernel.php(144): Illuminate\\Foundation\\Http\\Kernel->sendRequestThroughRouter()
#48 /home/ubuntu/Desktop/finnwayy/vendor/laravel/framework/src/Illuminate/Foundation/Application.php(1227): Illuminate\\Foundation\\Http\\Kernel->handle()
#49 /home/ubuntu/Desktop/finnwayy/public/index.php(20): Illuminate\\Foundation\\Application->handleRequest()
#50 /home/ubuntu/Desktop/finnwayy/vendor/laravel/framework/src/Illuminate/Foundation/resources/server.php(23): require_once('...')
#51 {main}

[previous exception] [object] (PDOException(code: 0): could not find driver at /home/ubuntu/Desktop/finnwayy/vendor/laravel/framework/src/Illuminate/Database/Connectors/Connector.php:66)
[stacktrace]
#0 /home/ubuntu/Desktop/finnwayy/vendor/laravel/framework/src/Illuminate/Database/Connectors/Connector.php(66): PDO->__construct()
#1 /home/ubuntu/Desktop/finnwayy/vendor/laravel/framework/src/Illuminate/Database/Connectors/Connector.php(44): Illuminate\\Database\\Connectors\\Connector->createPdoConnection()
#2 /home/ubuntu/Desktop/finnwayy/vendor/laravel/framework/src/Illuminate/Database/Connectors/MySqlConnector.php(24): Illuminate\\Database\\Connectors\\Connector->createConnection()
#3 /home/ubuntu/Desktop/finnwayy/vendor/laravel/framework/src/Illuminate/Database/Connectors/ConnectionFactory.php(220): Illuminate\\Database\\Connectors\\MySqlConnector->connect()
#4 [internal function]: Illuminate\\Database\\Connectors\\ConnectionFactory->Illuminate\\Database\\Connectors\\{closure}()
#5 /home/ubuntu/Desktop/finnwayy/vendor/laravel/framework/src/Illuminate/Database/Connection.php(1297): call_user_func()
#6 /home/ubuntu/Desktop/finnwayy/vendor/laravel/framework/src/Illuminate/Database/Connection.php(542): Illuminate\\Database\\Connection->getPdo()
#7 /home/ubuntu/Desktop/finnwayy/vendor/laravel/framework/src/Illuminate/Database/Connection.php(435): Illuminate\\Database\\Connection->getPdoForSelect()
#8 /home/ubuntu/Desktop/finnwayy/vendor/laravel/framework/src/Illuminate/Database/Connection.php(846): Illuminate\\Database\\Connection->Illuminate\\Database\\{closure}()
#9 /home/ubuntu/Desktop/finnwayy/vendor/laravel/framework/src/Illuminate/Database/Connection.php(813): Illuminate\\Database\\Connection->runQueryCallback()
#10 /home/ubuntu/Desktop/finnwayy/vendor/laravel/framework/src/Illuminate/Database/Connection.php(426): Illuminate\\Database\\Connection->run()
#11 /home/ubuntu/Desktop/finnwayy/vendor/laravel/framework/src/Illuminate/Database/Query/Builder.php(3573): Illuminate\\Database\\Connection->select()
#12 /home/ubuntu/Desktop/finnwayy/vendor/laravel/framework/src/Illuminate/Database/Query/Builder.php(3557): Illuminate\\Database\\Query\\Builder->runSelect()
#13 /home/ubuntu/Desktop/finnwayy/vendor/laravel/framework/src/Illuminate/Database/Concerns/BuildsQueries.php(366): Illuminate\\Database\\Query\\Builder->get()
#14 /home/ubuntu/Desktop/finnwayy/vendor/laravel/framework/src/Illuminate/Database/Query/Builder.php(3475): Illuminate\\Database\\Query\\Builder->first()
#15 /home/ubuntu/Desktop/finnwayy/vendor/laravel/framework/src/Illuminate/Session/DatabaseSessionHandler.php(96): Illuminate\\Database\\Query\\Builder->find()
#16 /home/ubuntu/Desktop/finnwayy/vendor/laravel/framework/src/Illuminate/Session/Store.php(128): Illuminate\\Session\\DatabaseSessionHandler->read()
#17 /home/ubuntu/Desktop/finnwayy/vendor/laravel/framework/src/Illuminate/Session/Store.php(116): Illuminate\\Session\\Store->readFromHandler()
#18 /home/ubuntu/Desktop/finnwayy/vendor/laravel/framework/src/Illuminate/Session/Store.php(100): Illuminate\\Session\\Store->loadSession()
#19 /home/ubuntu/Desktop/finnwayy/vendor/laravel/framework/src/Illuminate/Session/Middleware/StartSession.php(146): Illuminate\\Session\\Store->start()
#20 /home/ubuntu/Desktop/finnwayy/vendor/laravel/framework/src/Illuminate/Support/helpers.php(393): Illuminate\\Session\\Middleware\\StartSession->Illuminate\\Session\\Middleware\\{closure}()
#21 /home/ubuntu/Desktop/finnwayy/vendor/laravel/framework/src/Illuminate/Session/Middleware/StartSession.php(143): tap()
#22 /home/ubuntu/Desktop/finnwayy/vendor/laravel/framework/src/Illuminate/Session/Middleware/StartSession.php(115): Illuminate\\Session\\Middleware\\StartSession->startSession()
#23 /home/ubuntu/Desktop/finnwayy/vendor/laravel/framework/src/Illuminate/Session/Middleware/StartSession.php(63): Illuminate\\Session\\Middleware\\StartSession->handleStatefulRequest()
#24 /home/ubuntu/Desktop/finnwayy/vendor/laravel/framework/src/Illuminate/Pipeline/Pipeline.php(219): Illuminate\\Session\\Middleware\\StartSession->handle()
#25 /home/ubuntu/Desktop/finnwayy/vendor/laravel/framework/src/Illuminate/Cookie/Middleware/AddQueuedCookiesToResponse.php(36): Illuminate\\Pipeline\\Pipeline->Illuminate\\Pipeline\\{closure}()
#26 /home/ubuntu/Desktop/finnwayy/vendor/laravel/framework/src/Illuminate/Pipeline/Pipeline.php(219): Illuminate\\Cookie\\Middleware\\AddQueuedCookiesToResponse->handle()
#27 /home/ubuntu/Desktop/finnwayy/vendor/laravel/framework/src/Illuminate/Cookie/Middleware/EncryptCookies.php(74): Illuminate\\Pipeline\\Pipeline->Illuminate\\Pipeline\\{closure}()
#28 /home/ubuntu/Desktop/finnwayy/vendor/laravel/framework/src/Illuminate/Pipeline/Pipeline.php(219): Illuminate\\Cookie\\Middleware\\EncryptCookies->handle()
#29 /home/ubuntu/Desktop/finnwayy/vendor/laravel/framework/src/Illuminate/Pipeline/Pipeline.php(137): Illuminate\\Pipeline\\Pipeline->Illuminate\\Pipeline\\{closure}()
#30 /home/ubuntu/Desktop/finnwayy/vendor/laravel/framework/src/Illuminate/Routing/Router.php(821): Illuminate\\Pipeline\\Pipeline->then()
#31 /home/ubuntu/Desktop/finnwayy/vendor/laravel/framework/src/Illuminate/Routing/Router.php(800): Illuminate\\Routing\\Router->runRouteWithinStack()
#32 /home/ubuntu/Desktop/finnwayy/vendor/laravel/framework/src/Illuminate/Routing/Router.php(764): Illuminate\\Routing\\Router->runRoute()
#33 /home/ubuntu/Desktop/finnwayy/vendor/laravel/framework/src/Illuminate/Routing/Router.php(753): Illuminate\\Routing\\Router->dispatchToRoute()
#34 /home/ubuntu/Desktop/finnwayy/vendor/laravel/framework/src/Illuminate/Foundation/Http/Kernel.php(200): Illuminate\\Routing\\Router->dispatch()
#35 /home/ubuntu/Desktop/finnwayy/vendor/laravel/framework/src/Illuminate/Pipeline/Pipeline.php(180): Illuminate\\Foundation\\Http\\Kernel->Illuminate\\Foundation\\Http\\{closure}()
#36 /home/ubuntu/Desktop/finnwayy/vendor/laravel/framework/src/Illuminate/Foundation/Http/Middleware/TransformsRequest.php(21): Illuminate\\Pipeline\\Pipeline->Illuminate\\Pipeline\\{closure}()
#37 /home/ubuntu/Desktop/finnwayy/vendor/laravel/framework/src/Illuminate/Foundation/Http/Middleware/ConvertEmptyStringsToNull.php(31): Illuminate\\Foundation\\Http\\Middleware\\TransformsRequest->handle()
#38 /home/ubuntu/Desktop/finnwayy/vendor/laravel/framework/src/Illuminate/Pipeline/Pipeline.php(219): Illuminate\\Foundation\\Http\\Middleware\\ConvertEmptyStringsToNull->handle()
#39 /home/ubuntu/Desktop/finnwayy/vendor/laravel/framework/src/Illuminate/Foundation/Http/Middleware/TransformsRequest.php(21): Illuminate\\Pipeline\\Pipeline->Illuminate\\Pipeline\\{closure}()
#40 /home/ubuntu/Desktop/finnwayy/vendor/laravel/framework/src/Illuminate/Foundation/Http/Middleware/TrimStrings.php(51): Illuminate\\Foundation\\Http\\Middleware\\TransformsRequest->handle()
#41 /home/ubuntu/Desktop/finnwayy/vendor/laravel/framework/src/Illuminate/Pipeline/Pipeline.php(219): Illuminate\\Foundation\\Http\\Middleware\\TrimStrings->handle()
#42 /home/ubuntu/Desktop/finnwayy/vendor/laravel/framework/src/Illuminate/Http/Middleware/ValidatePostSize.php(27): Illuminate\\Pipeline\\Pipeline->Illuminate\\Pipeline\\{closure}()
#43 /home/ubuntu/Desktop/finnwayy/vendor/laravel/framework/src/Illuminate/Pipeline/Pipeline.php(219): Illuminate\\Http\\Middleware\\ValidatePostSize->handle()
#44 /home/ubuntu/Desktop/finnwayy/vendor/laravel/framework/src/Illuminate/Foundation/Http/Middleware/PreventRequestsDuringMaintenance.php(110): Illuminate\\Pipeline\\Pipeline->Illuminate\\Pipeline\\{closure}()
#45 /home/ubuntu/Desktop/finnwayy/vendor/laravel/framework/src/Illuminate/Pipeline/Pipeline.php(219): Illuminate\\Foundation\\Http\\Middleware\\PreventRequestsDuringMaintenance->handle()
#46 /home/ubuntu/Desktop/finnwayy/vendor/laravel/framework/src/Illuminate/Http/Middleware/HandleCors.php(61): Illuminate\\Pipeline\\Pipeline->Illuminate\\Pipeline\\{closure}()
#47 /home/ubuntu/Desktop/finnwayy/vendor/laravel/framework/src/Illuminate/Pipeline/Pipeline.php(219): Illuminate\\Http\\Middleware\\HandleCors->handle()
#48 /home/ubuntu/Desktop/finnwayy/vendor/laravel/framework/src/Illuminate/Http/Middleware/TrustProxies.php(58): Illuminate\\Pipeline\\Pipeline->Illuminate\\Pipeline\\{closure}()
#49 /home/ubuntu/Desktop/finnwayy/vendor/laravel/framework/src/Illuminate/Pipeline/Pipeline.php(219): Illuminate\\Http\\Middleware\\TrustProxies->handle()
#50 /home/ubuntu/Desktop/finnwayy/vendor/laravel/framework/src/Illuminate/Foundation/Http/Middleware/InvokeDeferredCallbacks.php(22): Illuminate\\Pipeline\\Pipeline->Illuminate\\Pipeline\\{closure}()
#51 /home/ubuntu/Desktop/finnwayy/vendor/laravel/framework/src/Illuminate/Pipeline/Pipeline.php(219): Illuminate\\Foundation\\Http\\Middleware\\InvokeDeferredCallbacks->handle()
#52 /home/ubuntu/Desktop/finnwayy/vendor/laravel/framework/src/Illuminate/Http/Middleware/ValidatePathEncoding.php(28): Illuminate\\Pipeline\\Pipeline->Illuminate\\Pipeline\\{closure}()
#53 /home/ubuntu/Desktop/finnwayy/vendor/laravel/framework/src/Illuminate/Pipeline/Pipeline.php(219): Illuminate\\Http\\Middleware\\ValidatePathEncoding->handle()
#54 /home/ubuntu/Desktop/finnwayy/vendor/laravel/framework/src/Illuminate/Pipeline/Pipeline.php(137): Illuminate\\Pipeline\\Pipeline->Illuminate\\Pipeline\\{closure}()
#55 /home/ubuntu/Desktop/finnwayy/vendor/laravel/framework/src/Illuminate/Foundation/Http/Kernel.php(175): Illuminate\\Pipeline\\Pipeline->then()
#56 /home/ubuntu/Desktop/finnwayy/vendor/laravel/framework/src/Illuminate/Foundation/Http/Kernel.php(144): Illuminate\\Foundation\\Http\\Kernel->sendRequestThroughRouter()
#57 /home/ubuntu/Desktop/finnwayy/vendor/laravel/framework/src/Illuminate/Foundation/Application.php(1227): Illuminate\\Foundation\\Http\\Kernel->handle()
#58 /home/ubuntu/Desktop/finnwayy/public/index.php(20): Illuminate\\Foundation\\Application->handleRequest()
#59 /home/ubuntu/Desktop/finnwayy/vendor/laravel/framework/src/Illuminate/Foundation/resources/server.php(23): require_once('...')
#60 {main}
"} 
[2026-09-11 06:53:05] production.ERROR: could not find driver (Connection: mysql, Host: 127.0.0.1, Port: 3306, Database: u910898544_fiinway, SQL: select * from `sessions` where `id` = Ed1nmxUfihVqbcu5fAbmzlKAg0izO3rUl6qgfPtE limit 1) {"exception":"[object] (Illuminate\\Database\\QueryException(code: 0): could not find driver (Connection: mysql, Host: 127.0.0.1, Port: 3306, Database: u910898544_fiinway, SQL: select * from `sessions` where `id` = Ed1nmxUfihVqbcu5fAbmzlKAg0izO3rUl6qgfPtE limit 1) at /home/ubuntu/Desktop/finnwayy/vendor/laravel/framework/src/Illuminate/Database/Connection.php:857)
[stacktrace]
#0 /home/ubuntu/Desktop/finnwayy/vendor/laravel/framework/src/Illuminate/Database/Connection.php(813): Illuminate\\Database\\Connection->runQueryCallback()
#1 /home/ubuntu/Desktop/finnwayy/vendor/laravel/framework/src/Illuminate/Database/Connection.php(426): Illuminate\\Database\\Connection->run()
#2 /home/ubuntu/Desktop/finnwayy/vendor/laravel/framework/src/Illuminate/Database/Query/Builder.php(3573): Illuminate\\Database\\Connection->select()
#3 /home/ubuntu/Desktop/finnwayy/vendor/laravel/framework/src/Illuminate/Database/Query/Builder.php(3557): Illuminate\\Database\\Query\\Builder->runSelect()
#4 /home/ubuntu/Desktop/finnwayy/vendor/laravel/framework/src/Illuminate/Database/Concerns/BuildsQueries.php(366): Illuminate\\Database\\Query\\Builder->get()
#5 /home/ubuntu/Desktop/finnwayy/vendor/laravel/framework/src/Illuminate/Database/Query/Builder.php(3475): Illuminate\\Database\\Query\\Builder->first()
#6 /home/ubuntu/Desktop/finnwayy/vendor/laravel/framework/src/Illuminate/Session/DatabaseSessionHandler.php(96): Illuminate\\Database\\Query\\Builder->find()
#7 /home/ubuntu/Desktop/finnwayy/vendor/laravel/framework/src/Illuminate/Session/Store.php(128): Illuminate\\Session\\DatabaseSessionHandler->read()
#8 /home/ubuntu/Desktop/finnwayy/vendor/laravel/framework/src/Illuminate/Session/Store.php(116): Illuminate\\Session\\Store->readFromHandler()
#9 /home/ubuntu/Desktop/finnwayy/vendor/laravel/framework/src/Illuminate/Session/Store.php(100): Illuminate\\Session\\Store->loadSession()
#10 /home/ubuntu/Desktop/finnwayy/vendor/laravel/framework/src/Illuminate/Session/Middleware/StartSession.php(146): Illuminate\\Session\\Store->start()
#11 /home/ubuntu/Desktop/finnwayy/vendor/laravel/framework/src/Illuminate/Support/helpers.php(393): Illuminate\\Session\\Middleware\\StartSession->Illuminate\\Session\\Middleware\\{closure}()
#12 /home/ubuntu/Desktop/finnwayy/vendor/laravel/framework/src/Illuminate/Session/Middleware/StartSession.php(143): tap()
#13 /home/ubuntu/Desktop/finnwayy/vendor/laravel/framework/src/Illuminate/Session/Middleware/StartSession.php(115): Illuminate\\Session\\Middleware\\StartSession->startSession()
#14 /home/ubuntu/Desktop/finnwayy/vendor/laravel/framework/src/Illuminate/Session/Middleware/StartSession.php(63): Illuminate\\Session\\Middleware\\StartSession->handleStatefulRequest()
#15 /home/ubuntu/Desktop/finnwayy/vendor/laravel/framework/src/Illuminate/Pipeline/Pipeline.php(219): Illuminate\\Session\\Middleware\\StartSession->handle()
#16 /home/ubuntu/Desktop/finnwayy/vendor/laravel/framework/src/Illuminate/Cookie/Middleware/AddQueuedCookiesToResponse.php(36): Illuminate\\Pipeline\\Pipeline->Illuminate\\Pipeline\\{closure}()
#17 /home/ubuntu/Desktop/finnwayy/vendor/laravel/framework/src/Illuminate/Pipeline/Pipeline.php(219): Illuminate\\Cookie\\Middleware\\AddQueuedCookiesToResponse->handle()
#18 /home/ubuntu/Desktop/finnwayy/vendor/laravel/framework/src/Illuminate/Cookie/Middleware/EncryptCookies.php(74): Illuminate\\Pipeline\\Pipeline->Illuminate\\Pipeline\\{closure}()
#19 /home/ubuntu/Desktop/finnwayy/vendor/laravel/framework/src/Illuminate/Pipeline/Pipeline.php(219): Illuminate\\Cookie\\Middleware\\EncryptCookies->handle()
#20 /home/ubuntu/Desktop/finnwayy/vendor/laravel/framework/src/Illuminate/Pipeline/Pipeline.php(137): Illuminate\\Pipeline\\Pipeline->Illuminate\\Pipeline\\{closure}()
#21 /home/ubuntu/Desktop/finnwayy/vendor/laravel/framework/src/Illuminate/Routing/Router.php(821): Illuminate\\Pipeline\\Pipeline->then()
#22 /home/ubuntu/Desktop/finnwayy/vendor/laravel/framework/src/Illuminate/Routing/Router.php(800): Illuminate\\Routing\\Router->runRouteWithinStack()
#23 /home/ubuntu/Desktop/finnwayy/vendor/laravel/framework/src/Illuminate/Routing/Router.php(764): Illuminate\\Routing\\Router->runRoute()
#24 /home/ubuntu/Desktop/finnwayy/vendor/laravel/framework/src/Illuminate/Routing/Router.php(753): Illuminate\\Routing\\Router->dispatchToRoute()
#25 /home/ubuntu/Desktop/finnwayy/vendor/laravel/framework/src/Illuminate/Foundation/Http/Kernel.php(200): Illuminate\\Routing\\Router->dispatch()
#26 /home/ubuntu/Desktop/finnwayy/vendor/laravel/framework/src/Illuminate/Pipeline/Pipeline.php(180): Illuminate\\Foundation\\Http\\Kernel->Illuminate\\Foundation\\Http\\{closure}()
#27 /home/ubuntu/Desktop/finnwayy/vendor/laravel/framework/src/Illuminate/Foundation/Http/Middleware/TransformsRequest.php(21): Illuminate\\Pipeline\\Pipeline->Illuminate\\Pipeline\\{closure}()
#28 /home/ubuntu/Desktop/finnwayy/vendor/laravel/framework/src/Illuminate/Foundation/Http/Middleware/ConvertEmptyStringsToNull.php(31): Illuminate\\Foundation\\Http\\Middleware\\TransformsRequest->handle()
#29 /home/ubuntu/Desktop/finnwayy/vendor/laravel/framework/src/Illuminate/Pipeline/Pipeline.php(219): Illuminate\\Foundation\\Http\\Middleware\\ConvertEmptyStringsToNull->handle()
#30 /home/ubuntu/Desktop/finnwayy/vendor/laravel/framework/src/Illuminate/Foundation/Http/Middleware/TransformsRequest.php(21): Illuminate\\Pipeline\\Pipeline->Illuminate\\Pipeline\\{closure}()
#31 /home/ubuntu/Desktop/finnwayy/vendor/laravel/framework/src/Illuminate/Foundation/Http/Middleware/TrimStrings.php(51): Illuminate\\Foundation\\Http\\Middleware\\TransformsRequest->handle()
#32 /home/ubuntu/Desktop/finnwayy/vendor/laravel/framework/src/Illuminate/Pipeline/Pipeline.php(219): Illuminate\\Foundation\\Http\\Middleware\\TrimStrings->handle()
#33 /home/ubuntu/Desktop/finnwayy/vendor/laravel/framework/src/Illuminate/Http/Middleware/ValidatePostSize.php(27): Illuminate\\Pipeline\\Pipeline->Illuminate\\Pipeline\\{closure}()
#34 /home/ubuntu/Desktop/finnwayy/vendor/laravel/framework/src/Illuminate/Pipeline/Pipeline.php(219): Illuminate\\Http\\Middleware\\ValidatePostSize->handle()
#35 /home/ubuntu/Desktop/finnwayy/vendor/laravel/framework/src/Illuminate/Foundation/Http/Middleware/PreventRequestsDuringMaintenance.php(110): Illuminate\\Pipeline\\Pipeline->Illuminate\\Pipeline\\{closure}()
#36 /home/ubuntu/Desktop/finnwayy/vendor/laravel/framework/src/Illuminate/Pipeline/Pipeline.php(219): Illuminate\\Foundation\\Http\\Middleware\\PreventRequestsDuringMaintenance->handle()
#37 /home/ubuntu/Desktop/finnwayy/vendor/laravel/framework/src/Illuminate/Http/Middleware/HandleCors.php(61): Illuminate\\Pipeline\\Pipeline->Illuminate\\Pipeline\\{closure}()
#38 /home/ubuntu/Desktop/finnwayy/vendor/laravel/framework/src/Illuminate/Pipeline/Pipeline.php(219): Illuminate\\Http\\Middleware\\HandleCors->handle()
#39 /home/ubuntu/Desktop/finnwayy/vendor/laravel/framework/src/Illuminate/Http/Middleware/TrustProxies.php(58): Illuminate\\Pipeline\\Pipeline->Illuminate\\Pipeline\\{closure}()
#40 /home/ubuntu/Desktop/finnwayy/vendor/laravel/framework/src/Illuminate/Pipeline/Pipeline.php(219): Illuminate\\Http\\Middleware\\TrustProxies->handle()
#41 /home/ubuntu/Desktop/finnwayy/vendor/laravel/framework/src/Illuminate/Foundation/Http/Middleware/InvokeDeferredCallbacks.php(22): Illuminate\\Pipeline\\Pipeline->Illuminate\\Pipeline\\{closure}()
#42 /home/ubuntu/Desktop/finnwayy/vendor/laravel/framework/src/Illuminate/Pipeline/Pipeline.php(219): Illuminate\\Foundation\\Http\\Middleware\\InvokeDeferredCallbacks->handle()
#43 /home/ubuntu/Desktop/finnwayy/vendor/laravel/framework/src/Illuminate/Http/Middleware/ValidatePathEncoding.php(28): Illuminate\\Pipeline\\Pipeline->Illuminate\\Pipeline\\{closure}()
#44 /home/ubuntu/Desktop/finnwayy/vendor/laravel/framework/src/Illuminate/Pipeline/Pipeline.php(219): Illuminate\\Http\\Middleware\\ValidatePathEncoding->handle()
#45 /home/ubuntu/Desktop/finnwayy/vendor/laravel/framework/src/Illuminate/Pipeline/Pipeline.php(137): Illuminate\\Pipeline\\Pipeline->Illuminate\\Pipeline\\{closure}()
#46 /home/ubuntu/Desktop/finnwayy/vendor/laravel/framework/src/Illuminate/Foundation/Http/Kernel.php(175): Illuminate\\Pipeline\\Pipeline->then()
#47 /home/ubuntu/Desktop/finnwayy/vendor/laravel/framework/src/Illuminate/Foundation/Http/Kernel.php(144): Illuminate\\Foundation\\Http\\Kernel->sendRequestThroughRouter()
#48 /home/ubuntu/Desktop/finnwayy/vendor/laravel/framework/src/Illuminate/Foundation/Application.php(1227): Illuminate\\Foundation\\Http\\Kernel->handle()
#49 /home/ubuntu/Desktop/finnwayy/public/index.php(20): Illuminate\\Foundation\\Application->handleRequest()
#50 /home/ubuntu/Desktop/finnwayy/vendor/laravel/framework/src/Illuminate/Foundation/resources/server.php(23): require_once('...')
#51 {main}

[previous exception] [object] (PDOException(code: 0): could not find driver at /home/ubuntu/Desktop/finnwayy/vendor/laravel/framework/src/Illuminate/Database/Connectors/Connector.php:66)
[stacktrace]
#0 /home/ubuntu/Desktop/finnwayy/vendor/laravel/framework/src/Illuminate/Database/Connectors/Connector.php(66): PDO->__construct()
#1 /home/ubuntu/Desktop/finnwayy/vendor/laravel/framework/src/Illuminate/Database/Connectors/Connector.php(44): Illuminate\\Database\\Connectors\\Connector->createPdoConnection()
#2 /home/ubuntu/Desktop/finnwayy/vendor/laravel/framework/src/Illuminate/Database/Connectors/MySqlConnector.php(24): Illuminate\\Database\\Connectors\\Connector->createConnection()
#3 /home/ubuntu/Desktop/finnwayy/vendor/laravel/framework/src/Illuminate/Database/Connectors/ConnectionFactory.php(220): Illuminate\\Database\\Connectors\\MySqlConnector->connect()
#4 [internal function]: Illuminate\\Database\\Connectors\\ConnectionFactory->Illuminate\\Database\\Connectors\\{closure}()
#5 /home/ubuntu/Desktop/finnwayy/vendor/laravel/framework/src/Illuminate/Database/Connection.php(1297): call_user_func()
#6 /home/ubuntu/Desktop/finnwayy/vendor/laravel/framework/src/Illuminate/Database/Connection.php(542): Illuminate\\Database\\Connection->getPdo()
#7 /home/ubuntu/Desktop/finnwayy/vendor/laravel/framework/src/Illuminate/Database/Connection.php(435): Illuminate\\Database\\Connection->getPdoForSelect()
#8 /home/ubuntu/Desktop/finnwayy/vendor/laravel/framework/src/Illuminate/Database/Connection.php(846): Illuminate\\Database\\Connection->Illuminate\\Database\\{closure}()
#9 /home/ubuntu/Desktop/finnwayy/vendor/laravel/framework/src/Illuminate/Database/Connection.php(813): Illuminate\\Database\\Connection->runQueryCallback()
#10 /home/ubuntu/Desktop/finnwayy/vendor/laravel/framework/src/Illuminate/Database/Connection.php(426): Illuminate\\Database\\Connection->run()
#11 /home/ubuntu/Desktop/finnwayy/vendor/laravel/framework/src/Illuminate/Database/Query/Builder.php(3573): Illuminate\\Database\\Connection->select()
#12 /home/ubuntu/Desktop/finnwayy/vendor/laravel/framework/src/Illuminate/Database/Query/Builder.php(3557): Illuminate\\Database\\Query\\Builder->runSelect()
#13 /home/ubuntu/Desktop/finnwayy/vendor/laravel/framework/src/Illuminate/Database/Concerns/BuildsQueries.php(366): Illuminate\\Database\\Query\\Builder->get()
#14 /home/ubuntu/Desktop/finnwayy/vendor/laravel/framework/src/Illuminate/Database/Query/Builder.php(3475): Illuminate\\Database\\Query\\Builder->first()
#15 /home/ubuntu/Desktop/finnwayy/vendor/laravel/framework/src/Illuminate/Session/DatabaseSessionHandler.php(96): Illuminate\\Database\\Query\\Builder->find()
#16 /home/ubuntu/Desktop/finnwayy/vendor/laravel/framework/src/Illuminate/Session/Store.php(128): Illuminate\\Session\\DatabaseSessionHandler->read()
#17 /home/ubuntu/Desktop/finnwayy/vendor/laravel/framework/src/Illuminate/Session/Store.php(116): Illuminate\\Session\\Store->readFromHandler()
#18 /home/ubuntu/Desktop/finnwayy/vendor/laravel/framework/src/Illuminate/Session/Store.php(100): Illuminate\\Session\\Store->loadSession()
#19 /home/ubuntu/Desktop/finnwayy/vendor/laravel/framework/src/Illuminate/Session/Middleware/StartSession.php(146): Illuminate\\Session\\Store->start()
#20 /home/ubuntu/Desktop/finnwayy/vendor/laravel/framework/src/Illuminate/Support/helpers.php(393): Illuminate\\Session\\Middleware\\StartSession->Illuminate\\Session\\Middleware\\{closure}()
#21 /home/ubuntu/Desktop/finnwayy/vendor/laravel/framework/src/Illuminate/Session/Middleware/StartSession.php(143): tap()
#22 /home/ubuntu/Desktop/finnwayy/vendor/laravel/framework/src/Illuminate/Session/Middleware/StartSession.php(115): Illuminate\\Session\\Middleware\\StartSession->startSession()
#23 /home/ubuntu/Desktop/finnwayy/vendor/laravel/framework/src/Illuminate/Session/Middleware/StartSession.php(63): Illuminate\\Session\\Middleware\\StartSession->handleStatefulRequest()
#24 /home/ubuntu/Desktop/finnwayy/vendor/laravel/framework/src/Illuminate/Pipeline/Pipeline.php(219): Illuminate\\Session\\Middleware\\StartSession->handle()
#25 /home/ubuntu/Desktop/finnwayy/vendor/laravel/framework/src/Illuminate/Cookie/Middleware/AddQueuedCookiesToResponse.php(36): Illuminate\\Pipeline\\Pipeline->Illuminate\\Pipeline\\{closure}()
#26 /home/ubuntu/Desktop/finnwayy/vendor/laravel/framework/src/Illuminate/Pipeline/Pipeline.php(219): Illuminate\\Cookie\\Middleware\\AddQueuedCookiesToResponse->handle()
#27 /home/ubuntu/Desktop/finnwayy/vendor/laravel/framework/src/Illuminate/Cookie/Middleware/EncryptCookies.php(74): Illuminate\\Pipeline\\Pipeline->Illuminate\\Pipeline\\{closure}()
#28 /home/ubuntu/Desktop/finnwayy/vendor/laravel/framework/src/Illuminate/Pipeline/Pipeline.php(219): Illuminate\\Cookie\\Middleware\\EncryptCookies->handle()
#29 /home/ubuntu/Desktop/finnwayy/vendor/laravel/framework/src/Illuminate/Pipeline/Pipeline.php(137): Illuminate\\Pipeline\\Pipeline->Illuminate\\Pipeline\\{closure}()
#30 /home/ubuntu/Desktop/finnwayy/vendor/laravel/framework/src/Illuminate/Routing/Router.php(821): Illuminate\\Pipeline\\Pipeline->then()
#31 /home/ubuntu/Desktop/finnwayy/vendor/laravel/framework/src/Illuminate/Routing/Router.php(800): Illuminate\\Routing\\Router->runRouteWithinStack()
#32 /home/ubuntu/Desktop/finnwayy/vendor/laravel/framework/src/Illuminate/Routing/Router.php(764): Illuminate\\Routing\\Router->runRoute()
#33 /home/ubuntu/Desktop/finnwayy/vendor/laravel/framework/src/Illuminate/Routing/Router.php(753): Illuminate\\Routing\\Router->dispatchToRoute()
#34 /home/ubuntu/Desktop/finnwayy/vendor/laravel/framework/src/Illuminate/Foundation/Http/Kernel.php(200): Illuminate\\Routing\\Router->dispatch()
#35 /home/ubuntu/Desktop/finnwayy/vendor/laravel/framework/src/Illuminate/Pipeline/Pipeline.php(180): Illuminate\\Foundation\\Http\\Kernel->Illuminate\\Foundation\\Http\\{closure}()
#36 /home/ubuntu/Desktop/finnwayy/vendor/laravel/framework/src/Illuminate/Foundation/Http/Middleware/TransformsRequest.php(21): Illuminate\\Pipeline\\Pipeline->Illuminate\\Pipeline\\{closure}()
#37 /home/ubuntu/Desktop/finnwayy/vendor/laravel/framework/src/Illuminate/Foundation/Http/Middleware/ConvertEmptyStringsToNull.php(31): Illuminate\\Foundation\\Http\\Middleware\\TransformsRequest->handle()
#38 /home/ubuntu/Desktop/finnwayy/vendor/laravel/framework/src/Illuminate/Pipeline/Pipeline.php(219): Illuminate\\Foundation\\Http\\Middleware\\ConvertEmptyStringsToNull->handle()
#39 /home/ubuntu/Desktop/finnwayy/vendor/laravel/framework/src/Illuminate/Foundation/Http/Middleware/TransformsRequest.php(21): Illuminate\\Pipeline\\Pipeline->Illuminate\\Pipeline\\{closure}()
#40 /home/ubuntu/Desktop/finnwayy/vendor/laravel/framework/src/Illuminate/Foundation/Http/Middleware/TrimStrings.php(51): Illuminate\\Foundation\\Http\\Middleware\\TransformsRequest->handle()
#41 /home/ubuntu/Desktop/finnwayy/vendor/laravel/framework/src/Illuminate/Pipeline/Pipeline.php(219): Illuminate\\Foundation\\Http\\Middleware\\TrimStrings->handle()
#42 /home/ubuntu/Desktop/finnwayy/vendor/laravel/framework/src/Illuminate/Http/Middleware/ValidatePostSize.php(27): Illuminate\\Pipeline\\Pipeline->Illuminate\\Pipeline\\{closure}()
#43 /home/ubuntu/Desktop/finnwayy/vendor/laravel/framework/src/Illuminate/Pipeline/Pipeline.php(219): Illuminate\\Http\\Middleware\\ValidatePostSize->handle()
#44 /home/ubuntu/Desktop/finnwayy/vendor/laravel/framework/src/Illuminate/Foundation/Http/Middleware/PreventRequestsDuringMaintenance.php(110): Illuminate\\Pipeline\\Pipeline->Illuminate\\Pipeline\\{closure}()
#45 /home/ubuntu/Desktop/finnwayy/vendor/laravel/framework/src/Illuminate/Pipeline/Pipeline.php(219): Illuminate\\Foundation\\Http\\Middleware\\PreventRequestsDuringMaintenance->handle()
#46 /home/ubuntu/Desktop/finnwayy/vendor/laravel/framework/src/Illuminate/Http/Middleware/HandleCors.php(61): Illuminate\\Pipeline\\Pipeline->Illuminate\\Pipeline\\{closure}()
#47 /home/ubuntu/Desktop/finnwayy/vendor/laravel/framework/src/Illuminate/Pipeline/Pipeline.php(219): Illuminate\\Http\\Middleware\\HandleCors->handle()
#48 /home/ubuntu/Desktop/finnwayy/vendor/laravel/framework/src/Illuminate/Http/Middleware/TrustProxies.php(58): Illuminate\\Pipeline\\Pipeline->Illuminate\\Pipeline\\{closure}()
#49 /home/ubuntu/Desktop/finnwayy/vendor/laravel/framework/src/Illuminate/Pipeline/Pipeline.php(219): Illuminate\\Http\\Middleware\\TrustProxies->handle()
#50 /home/ubuntu/Desktop/finnwayy/vendor/laravel/framework/src/Illuminate/Foundation/Http/Middleware/InvokeDeferredCallbacks.php(22): Illuminate\\Pipeline\\Pipeline->Illuminate\\Pipeline\\{closure}()
#51 /home/ubuntu/Desktop/finnwayy/vendor/laravel/framework/src/Illuminate/Pipeline/Pipeline.php(219): Illuminate\\Foundation\\Http\\Middleware\\InvokeDeferredCallbacks->handle()
#52 /home/ubuntu/Desktop/finnwayy/vendor/laravel/framework/src/Illuminate/Http/Middleware/ValidatePathEncoding.php(28): Illuminate\\Pipeline\\Pipeline->Illuminate\\Pipeline\\{closure}()
#53 /home/ubuntu/Desktop/finnwayy/vendor/laravel/framework/src/Illuminate/Pipeline/Pipeline.php(219): Illuminate\\Http\\Middleware\\ValidatePathEncoding->handle()
#54 /home/ubuntu/Desktop/finnwayy/vendor/laravel/framework/src/Illuminate/Pipeline/Pipeline.php(137): Illuminate\\Pipeline\\Pipeline->Illuminate\\Pipeline\\{closure}()
#55 /home/ubuntu/Desktop/finnwayy/vendor/laravel/framework/src/Illuminate/Foundation/Http/Kernel.php(175): Illuminate\\Pipeline\\Pipeline->then()
#56 /home/ubuntu/Desktop/finnwayy/vendor/laravel/framework/src/Illuminate/Foundation/Http/Kernel.php(144): Illuminate\\Foundation\\Http\\Kernel->sendRequestThroughRouter()
#57 /home/ubuntu/Desktop/finnwayy/vendor/laravel/framework/src/Illuminate/Foundation/Application.php(1227): Illuminate\\Foundation\\Http\\Kernel->handle()
#58 /home/ubuntu/Desktop/finnwayy/public/index.php(20): Illuminate\\Foundation\\Application->handleRequest()
#59 /home/ubuntu/Desktop/finnwayy/vendor/laravel/framework/src/Illuminate/Foundation/resources/server.php(23): require_once('...')
#60 {main}
"} 
[2026-09-11 06:53:05] production.ERROR: could not find driver (Connection: mysql, Host: 127.0.0.1, Port: 3306, Database: u910898544_fiinway, SQL: select * from `sessions` where `id` = nuf2jqSt8ai6gg9ewNnRrTAhVFhKUa2jaSwhwlcu limit 1) {"exception":"[object] (Illuminate\\Database\\QueryException(code: 0): could not find driver (Connection: mysql, Host: 127.0.0.1, Port: 3306, Database: u910898544_fiinway, SQL: select * from `sessions` where `id` = nuf2jqSt8ai6gg9ewNnRrTAhVFhKUa2jaSwhwlcu limit 1) at /home/ubuntu/Desktop/finnwayy/vendor/laravel/framework/src/Illuminate/Database/Connection.php:857)
[stacktrace]
#0 /home/ubuntu/Desktop/finnwayy/vendor/laravel/framework/src/Illuminate/Database/Connection.php(813): Illuminate\\Database\\Connection->runQueryCallback()
#1 /home/ubuntu/Desktop/finnwayy/vendor/laravel/framework/src/Illuminate/Database/Connection.php(426): Illuminate\\Database\\Connection->run()
#2 /home/ubuntu/Desktop/finnwayy/vendor/laravel/framework/src/Illuminate/Database/Query/Builder.php(3573): Illuminate\\Database\\Connection->select()
#3 /home/ubuntu/Desktop/finnwayy/vendor/laravel/framework/src/Illuminate/Database/Query/Builder.php(3557): Illuminate\\Database\\Query\\Builder->runSelect()
#4 /home/ubuntu/Desktop/finnwayy/vendor/laravel/framework/src/Illuminate/Database/Concerns/BuildsQueries.php(366): Illuminate\\Database\\Query\\Builder->get()
#5 /home/ubuntu/Desktop/finnwayy/vendor/laravel/framework/src/Illuminate/Database/Query/Builder.php(3475): Illuminate\\Database\\Query\\Builder->first()
#6 /home/ubuntu/Desktop/finnwayy/vendor/laravel/framework/src/Illuminate/Session/DatabaseSessionHandler.php(96): Illuminate\\Database\\Query\\Builder->find()
#7 /home/ubuntu/Desktop/finnwayy/vendor/laravel/framework/src/Illuminate/Session/Store.php(128): Illuminate\\Session\\DatabaseSessionHandler->read()
#8 /home/ubuntu/Desktop/finnwayy/vendor/laravel/framework/src/Illuminate/Session/Store.php(116): Illuminate\\Session\\Store->readFromHandler()
#9 /home/ubuntu/Desktop/finnwayy/vendor/laravel/framework/src/Illuminate/Session/Store.php(100): Illuminate\\Session\\Store->loadSession()
#10 /home/ubuntu/Desktop/finnwayy/vendor/laravel/framework/src/Illuminate/Session/Middleware/StartSession.php(146): Illuminate\\Session\\Store->start()
#11 /home/ubuntu/Desktop/finnwayy/vendor/laravel/framework/src/Illuminate/Support/helpers.php(393): Illuminate\\Session\\Middleware\\StartSession->Illuminate\\Session\\Middleware\\{closure}()
#12 /home/ubuntu/Desktop/finnwayy/vendor/laravel/framework/src/Illuminate/Session/Middleware/StartSession.php(143): tap()
#13 /home/ubuntu/Desktop/finnwayy/vendor/laravel/framework/src/Illuminate/Session/Middleware/StartSession.php(115): Illuminate\\Session\\Middleware\\StartSession->startSession()
#14 /home/ubuntu/Desktop/finnwayy/vendor/laravel/framework/src/Illuminate/Session/Middleware/StartSession.php(63): Illuminate\\Session\\Middleware\\StartSession->handleStatefulRequest()
#15 /home/ubuntu/Desktop/finnwayy/vendor/laravel/framework/src/Illuminate/Pipeline/Pipeline.php(219): Illuminate\\Session\\Middleware\\StartSession->handle()
#16 /home/ubuntu/Desktop/finnwayy/vendor/laravel/framework/src/Illuminate/Cookie/Middleware/AddQueuedCookiesToResponse.php(36): Illuminate\\Pipeline\\Pipeline->Illuminate\\Pipeline\\{closure}()
#17 /home/ubuntu/Desktop/finnwayy/vendor/laravel/framework/src/Illuminate/Pipeline/Pipeline.php(219): Illuminate\\Cookie\\Middleware\\AddQueuedCookiesToResponse->handle()
#18 /home/ubuntu/Desktop/finnwayy/vendor/laravel/framework/src/Illuminate/Cookie/Middleware/EncryptCookies.php(74): Illuminate\\Pipeline\\Pipeline->Illuminate\\Pipeline\\{closure}()
#19 /home/ubuntu/Desktop/finnwayy/vendor/laravel/framework/src/Illuminate/Pipeline/Pipeline.php(219): Illuminate\\Cookie\\Middleware\\EncryptCookies->handle()
#20 /home/ubuntu/Desktop/finnwayy/vendor/laravel/framework/src/Illuminate/Pipeline/Pipeline.php(137): Illuminate\\Pipeline\\Pipeline->Illuminate\\Pipeline\\{closure}()
#21 /home/ubuntu/Desktop/finnwayy/vendor/laravel/framework/src/Illuminate/Routing/Router.php(821): Illuminate\\Pipeline\\Pipeline->then()
#22 /home/ubuntu/Desktop/finnwayy/vendor/laravel/framework/src/Illuminate/Routing/Router.php(800): Illuminate\\Routing\\Router->runRouteWithinStack()
#23 /home/ubuntu/Desktop/finnwayy/vendor/laravel/framework/src/Illuminate/Routing/Router.php(764): Illuminate\\Routing\\Router->runRoute()
#24 /home/ubuntu/Desktop/finnwayy/vendor/laravel/framework/src/Illuminate/Routing/Router.php(753): Illuminate\\Routing\\Router->dispatchToRoute()
#25 /home/ubuntu/Desktop/finnwayy/vendor/laravel/framework/src/Illuminate/Foundation/Http/Kernel.php(200): Illuminate\\Routing\\Router->dispatch()
#26 /home/ubuntu/Desktop/finnwayy/vendor/laravel/framework/src/Illuminate/Pipeline/Pipeline.php(180): Illuminate\\Foundation\\Http\\Kernel->Illuminate\\Foundation\\Http\\{closure}()
#27 /home/ubuntu/Desktop/finnwayy/vendor/laravel/framework/src/Illuminate/Foundation/Http/Middleware/TransformsRequest.php(21): Illuminate\\Pipeline\\Pipeline->Illuminate\\Pipeline\\{closure}()
#28 /home/ubuntu/Desktop/finnwayy/vendor/laravel/framework/src/Illuminate/Foundation/Http/Middleware/ConvertEmptyStringsToNull.php(31): Illuminate\\Foundation\\Http\\Middleware\\TransformsRequest->handle()
#29 /home/ubuntu/Desktop/finnwayy/vendor/laravel/framework/src/Illuminate/Pipeline/Pipeline.php(219): Illuminate\\Foundation\\Http\\Middleware\\ConvertEmptyStringsToNull->handle()
#30 /home/ubuntu/Desktop/finnwayy/vendor/laravel/framework/src/Illuminate/Foundation/Http/Middleware/TransformsRequest.php(21): Illuminate\\Pipeline\\Pipeline->Illuminate\\Pipeline\\{closure}()
#31 /home/ubuntu/Desktop/finnwayy/vendor/laravel/framework/src/Illuminate/Foundation/Http/Middleware/TrimStrings.php(51): Illuminate\\Foundation\\Http\\Middleware\\TransformsRequest->handle()
#32 /home/ubuntu/Desktop/finnwayy/vendor/laravel/framework/src/Illuminate/Pipeline/Pipeline.php(219): Illuminate\\Foundation\\Http\\Middleware\\TrimStrings->handle()
#33 /home/ubuntu/Desktop/finnwayy/vendor/laravel/framework/src/Illuminate/Http/Middleware/ValidatePostSize.php(27): Illuminate\\Pipeline\\Pipeline->Illuminate\\Pipeline\\{closure}()
#34 /home/ubuntu/Desktop/finnwayy/vendor/laravel/framework/src/Illuminate/Pipeline/Pipeline.php(219): Illuminate\\Http\\Middleware\\ValidatePostSize->handle()
#35 /home/ubuntu/Desktop/finnwayy/vendor/laravel/framework/src/Illuminate/Foundation/Http/Middleware/PreventRequestsDuringMaintenance.php(110): Illuminate\\Pipeline\\Pipeline->Illuminate\\Pipeline\\{closure}()
#36 /home/ubuntu/Desktop/finnwayy/vendor/laravel/framework/src/Illuminate/Pipeline/Pipeline.php(219): Illuminate\\Foundation\\Http\\Middleware\\PreventRequestsDuringMaintenance->handle()
#37 /home/ubuntu/Desktop/finnwayy/vendor/laravel/framework/src/Illuminate/Http/Middleware/HandleCors.php(61): Illuminate\\Pipeline\\Pipeline->Illuminate\\Pipeline\\{closure}()
#38 /home/ubuntu/Desktop/finnwayy/vendor/laravel/framework/src/Illuminate/Pipeline/Pipeline.php(219): Illuminate\\Http\\Middleware\\HandleCors->handle()
#39 /home/ubuntu/Desktop/finnwayy/vendor/laravel/framework/src/Illuminate/Http/Middleware/TrustProxies.php(58): Illuminate\\Pipeline\\Pipeline->Illuminate\\Pipeline\\{closure}()
#40 /home/ubuntu/Desktop/finnwayy/vendor/laravel/framework/src/Illuminate/Pipeline/Pipeline.php(219): Illuminate\\Http\\Middleware\\TrustProxies->handle()
#41 /home/ubuntu/Desktop/finnwayy/vendor/laravel/framework/src/Illuminate/Foundation/Http/Middleware/InvokeDeferredCallbacks.php(22): Illuminate\\Pipeline\\Pipeline->Illuminate\\Pipeline\\{closure}()
#42 /home/ubuntu/Desktop/finnwayy/vendor/laravel/framework/src/Illuminate/Pipeline/Pipeline.php(219): Illuminate\\Foundation\\Http\\Middleware\\InvokeDeferredCallbacks->handle()
#43 /home/ubuntu/Desktop/finnwayy/vendor/laravel/framework/src/Illuminate/Http/Middleware/ValidatePathEncoding.php(28): Illuminate\\Pipeline\\Pipeline->Illuminate\\Pipeline\\{closure}()
#44 /home/ubuntu/Desktop/finnwayy/vendor/laravel/framework/src/Illuminate/Pipeline/Pipeline.php(219): Illuminate\\Http\\Middleware\\ValidatePathEncoding->handle()
#45 /home/ubuntu/Desktop/finnwayy/vendor/laravel/framework/src/Illuminate/Pipeline/Pipeline.php(137): Illuminate\\Pipeline\\Pipeline->Illuminate\\Pipeline\\{closure}()
#46 /home/ubuntu/Desktop/finnwayy/vendor/laravel/framework/src/Illuminate/Foundation/Http/Kernel.php(175): Illuminate\\Pipeline\\Pipeline->then()
#47 /home/ubuntu/Desktop/finnwayy/vendor/laravel/framework/src/Illuminate/Foundation/Http/Kernel.php(144): Illuminate\\Foundation\\Http\\Kernel->sendRequestThroughRouter()
#48 /home/ubuntu/Desktop/finnwayy/vendor/laravel/framework/src/Illuminate/Foundation/Application.php(1227): Illuminate\\Foundation\\Http\\Kernel->handle()
#49 /home/ubuntu/Desktop/finnwayy/public/index.php(20): Illuminate\\Foundation\\Application->handleRequest()
#50 /home/ubuntu/Desktop/finnwayy/vendor/laravel/framework/src/Illuminate/Foundation/resources/server.php(23): require_once('...')
#51 {main}

[previous exception] [object] (PDOException(code: 0): could not find driver at /home/ubuntu/Desktop/finnwayy/vendor/laravel/framework/src/Illuminate/Database/Connectors/Connector.php:66)
[stacktrace]
#0 /home/ubuntu/Desktop/finnwayy/vendor/laravel/framework/src/Illuminate/Database/Connectors/Connector.php(66): PDO->__construct()
#1 /home/ubuntu/Desktop/finnwayy/vendor/laravel/framework/src/Illuminate/Database/Connectors/Connector.php(44): Illuminate\\Database\\Connectors\\Connector->createPdoConnection()
#2 /home/ubuntu/Desktop/finnwayy/vendor/laravel/framework/src/Illuminate/Database/Connectors/MySqlConnector.php(24): Illuminate\\Database\\Connectors\\Connector->createConnection()
#3 /home/ubuntu/Desktop/finnwayy/vendor/laravel/framework/src/Illuminate/Database/Connectors/ConnectionFactory.php(220): Illuminate\\Database\\Connectors\\MySqlConnector->connect()
#4 [internal function]: Illuminate\\Database\\Connectors\\ConnectionFactory->Illuminate\\Database\\Connectors\\{closure}()
#5 /home/ubuntu/Desktop/finnwayy/vendor/laravel/framework/src/Illuminate/Database/Connection.php(1297): call_user_func()
#6 /home/ubuntu/Desktop/finnwayy/vendor/laravel/framework/src/Illuminate/Database/Connection.php(542): Illuminate\\Database\\Connection->getPdo()
#7 /home/ubuntu/Desktop/finnwayy/vendor/laravel/framework/src/Illuminate/Database/Connection.php(435): Illuminate\\Database\\Connection->getPdoForSelect()
#8 /home/ubuntu/Desktop/finnwayy/vendor/laravel/framework/src/Illuminate/Database/Connection.php(846): Illuminate\\Database\\Connection->Illuminate\\Database\\{closure}()
#9 /home/ubuntu/Desktop/finnwayy/vendor/laravel/framework/src/Illuminate/Database/Connection.php(813): Illuminate\\Database\\Connection->runQueryCallback()
#10 /home/ubuntu/Desktop/finnwayy/vendor/laravel/framework/src/Illuminate/Database/Connection.php(426): Illuminate\\Database\\Connection->run()
#11 /home/ubuntu/Desktop/finnwayy/vendor/laravel/framework/src/Illuminate/Database/Query/Builder.php(3573): Illuminate\\Database\\Connection->select()
#12 /home/ubuntu/Desktop/finnwayy/vendor/laravel/framework/src/Illuminate/Database/Query/Builder.php(3557): Illuminate\\Database\\Query\\Builder->runSelect()
#13 /home/ubuntu/Desktop/finnwayy/vendor/laravel/framework/src/Illuminate/Database/Concerns/BuildsQueries.php(366): Illuminate\\Database\\Query\\Builder->get()
#14 /home/ubuntu/Desktop/finnwayy/vendor/laravel/framework/src/Illuminate/Database/Query/Builder.php(3475): Illuminate\\Database\\Query\\Builder->first()
#15 /home/ubuntu/Desktop/finnwayy/vendor/laravel/framework/src/Illuminate/Session/DatabaseSessionHandler.php(96): Illuminate\\Database\\Query\\Builder->find()
#16 /home/ubuntu/Desktop/finnwayy/vendor/laravel/framework/src/Illuminate/Session/Store.php(128): Illuminate\\Session\\DatabaseSessionHandler->read()
#17 /home/ubuntu/Desktop/finnwayy/vendor/laravel/framework/src/Illuminate/Session/Store.php(116): Illuminate\\Session\\Store->readFromHandler()
#18 /home/ubuntu/Desktop/finnwayy/vendor/laravel/framework/src/Illuminate/Session/Store.php(100): Illuminate\\Session\\Store->loadSession()
#19 /home/ubuntu/Desktop/finnwayy/vendor/laravel/framework/src/Illuminate/Session/Middleware/StartSession.php(146): Illuminate\\Session\\Store->start()
#20 /home/ubuntu/Desktop/finnwayy/vendor/laravel/framework/src/Illuminate/Support/helpers.php(393): Illuminate\\Session\\Middleware\\StartSession->Illuminate\\Session\\Middleware\\{closure}()
#21 /home/ubuntu/Desktop/finnwayy/vendor/laravel/framework/src/Illuminate/Session/Middleware/StartSession.php(143): tap()
#22 /home/ubuntu/Desktop/finnwayy/vendor/laravel/framework/src/Illuminate/Session/Middleware/StartSession.php(115): Illuminate\\Session\\Middleware\\StartSession->startSession()
#23 /home/ubuntu/Desktop/finnwayy/vendor/laravel/framework/src/Illuminate/Session/Middleware/StartSession.php(63): Illuminate\\Session\\Middleware\\StartSession->handleStatefulRequest()
#24 /home/ubuntu/Desktop/finnwayy/vendor/laravel/framework/src/Illuminate/Pipeline/Pipeline.php(219): Illuminate\\Session\\Middleware\\StartSession->handle()
#25 /home/ubuntu/Desktop/finnwayy/vendor/laravel/framework/src/Illuminate/Cookie/Middleware/AddQueuedCookiesToResponse.php(36): Illuminate\\Pipeline\\Pipeline->Illuminate\\Pipeline\\{closure}()
#26 /home/ubuntu/Desktop/finnwayy/vendor/laravel/framework/src/Illuminate/Pipeline/Pipeline.php(219): Illuminate\\Cookie\\Middleware\\AddQueuedCookiesToResponse->handle()
#27 /home/ubuntu/Desktop/finnwayy/vendor/laravel/framework/src/Illuminate/Cookie/Middleware/EncryptCookies.php(74): Illuminate\\Pipeline\\Pipeline->Illuminate\\Pipeline\\{closure}()
#28 /home/ubuntu/Desktop/finnwayy/vendor/laravel/framework/src/Illuminate/Pipeline/Pipeline.php(219): Illuminate\\Cookie\\Middleware\\EncryptCookies->handle()
#29 /home/ubuntu/Desktop/finnwayy/vendor/laravel/framework/src/Illuminate/Pipeline/Pipeline.php(137): Illuminate\\Pipeline\\Pipeline->Illuminate\\Pipeline\\{closure}()
#30 /home/ubuntu/Desktop/finnwayy/vendor/laravel/framework/src/Illuminate/Routing/Router.php(821): Illuminate\\Pipeline\\Pipeline->then()
#31 /home/ubuntu/Desktop/finnwayy/vendor/laravel/framework/src/Illuminate/Routing/Router.php(800): Illuminate\\Routing\\Router->runRouteWithinStack()
#32 /home/ubuntu/Desktop/finnwayy/vendor/laravel/framework/src/Illuminate/Routing/Router.php(764): Illuminate\\Routing\\Router->runRoute()
#33 /home/ubuntu/Desktop/finnwayy/vendor/laravel/framework/src/Illuminate/Routing/Router.php(753): Illuminate\\Routing\\Router->dispatchToRoute()
#34 /home/ubuntu/Desktop/finnwayy/vendor/laravel/framework/src/Illuminate/Foundation/Http/Kernel.php(200): Illuminate\\Routing\\Router->dispatch()
#35 /home/ubuntu/Desktop/finnwayy/vendor/laravel/framework/src/Illuminate/Pipeline/Pipeline.php(180): Illuminate\\Foundation\\Http\\Kernel->Illuminate\\Foundation\\Http\\{closure}()
#36 /home/ubuntu/Desktop/finnwayy/vendor/laravel/framework/src/Illuminate/Foundation/Http/Middleware/TransformsRequest.php(21): Illuminate\\Pipeline\\Pipeline->Illuminate\\Pipeline\\{closure}()
#37 /home/ubuntu/Desktop/finnwayy/vendor/laravel/framework/src/Illuminate/Foundation/Http/Middleware/ConvertEmptyStringsToNull.php(31): Illuminate\\Foundation\\Http\\Middleware\\TransformsRequest->handle()
#38 /home/ubuntu/Desktop/finnwayy/vendor/laravel/framework/src/Illuminate/Pipeline/Pipeline.php(219): Illuminate\\Foundation\\Http\\Middleware\\ConvertEmptyStringsToNull->handle()
#39 /home/ubuntu/Desktop/finnwayy/vendor/laravel/framework/src/Illuminate/Foundation/Http/Middleware/TransformsRequest.php(21): Illuminate\\Pipeline\\Pipeline->Illuminate\\Pipeline\\{closure}()
#40 /home/ubuntu/Desktop/finnwayy/vendor/laravel/framework/src/Illuminate/Foundation/Http/Middleware/TrimStrings.php(51): Illuminate\\Foundation\\Http\\Middleware\\TransformsRequest->handle()
#41 /home/ubuntu/Desktop/finnwayy/vendor/laravel/framework/src/Illuminate/Pipeline/Pipeline.php(219): Illuminate\\Foundation\\Http\\Middleware\\TrimStrings->handle()
#42 /home/ubuntu/Desktop/finnwayy/vendor/laravel/framework/src/Illuminate/Http/Middleware/ValidatePostSize.php(27): Illuminate\\Pipeline\\Pipeline->Illuminate\\Pipeline\\{closure}()
#43 /home/ubuntu/Desktop/finnwayy/vendor/laravel/framework/src/Illuminate/Pipeline/Pipeline.php(219): Illuminate\\Http\\Middleware\\ValidatePostSize->handle()
#44 /home/ubuntu/Desktop/finnwayy/vendor/laravel/framework/src/Illuminate/Foundation/Http/Middleware/PreventRequestsDuringMaintenance.php(110): Illuminate\\Pipeline\\Pipeline->Illuminate\\Pipeline\\{closure}()
#45 /home/ubuntu/Desktop/finnwayy/vendor/laravel/framework/src/Illuminate/Pipeline/Pipeline.php(219): Illuminate\\Foundation\\Http\\Middleware\\PreventRequestsDuringMaintenance->handle()
#46 /home/ubuntu/Desktop/finnwayy/vendor/laravel/framework/src/Illuminate/Http/Middleware/HandleCors.php(61): Illuminate\\Pipeline\\Pipeline->Illuminate\\Pipeline\\{closure}()
#47 /home/ubuntu/Desktop/finnwayy/vendor/laravel/framework/src/Illuminate/Pipeline/Pipeline.php(219): Illuminate\\Http\\Middleware\\HandleCors->handle()
#48 /home/ubuntu/Desktop/finnwayy/vendor/laravel/framework/src/Illuminate/Http/Middleware/TrustProxies.php(58): Illuminate\\Pipeline\\Pipeline->Illuminate\\Pipeline\\{closure}()
#49 /home/ubuntu/Desktop/finnwayy/vendor/laravel/framework/src/Illuminate/Pipeline/Pipeline.php(219): Illuminate\\Http\\Middleware\\TrustProxies->handle()
#50 /home/ubuntu/Desktop/finnwayy/vendor/laravel/framework/src/Illuminate/Foundation/Http/Middleware/InvokeDeferredCallbacks.php(22): Illuminate\\Pipeline\\Pipeline->Illuminate\\Pipeline\\{closure}()
#51 /home/ubuntu/Desktop/finnwayy/vendor/laravel/framework/src/Illuminate/Pipeline/Pipeline.php(219): Illuminate\\Foundation\\Http\\Middleware\\InvokeDeferredCallbacks->handle()
#52 /home/ubuntu/Desktop/finnwayy/vendor/laravel/framework/src/Illuminate/Http/Middleware/ValidatePathEncoding.php(28): Illuminate\\Pipeline\\Pipeline->Illuminate\\Pipeline\\{closure}()
#53 /home/ubuntu/Desktop/finnwayy/vendor/laravel/framework/src/Illuminate/Pipeline/Pipeline.php(219): Illuminate\\Http\\Middleware\\ValidatePathEncoding->handle()
#54 /home/ubuntu/Desktop/finnwayy/vendor/laravel/framework/src/Illuminate/Pipeline/Pipeline.php(137): Illuminate\\Pipeline\\Pipeline->Illuminate\\Pipeline\\{closure}()
#55 /home/ubuntu/Desktop/finnwayy/vendor/laravel/framework/src/Illuminate/Foundation/Http/Kernel.php(175): Illuminate\\Pipeline\\Pipeline->then()
#56 /home/ubuntu/Desktop/finnwayy/vendor/laravel/framework/src/Illuminate/Foundation/Http/Kernel.php(144): Illuminate\\Foundation\\Http\\Kernel->sendRequestThroughRouter()
#57 /home/ubuntu/Desktop/finnwayy/vendor/laravel/framework/src/Illuminate/Foundation/Application.php(1227): Illuminate\\Foundation\\Http\\Kernel->handle()
#58 /home/ubuntu/Desktop/finnwayy/public/index.php(20): Illuminate\\Foundation\\Application->handleRequest()
#59 /home/ubuntu/Desktop/finnwayy/vendor/laravel/framework/src/Illuminate/Foundation/resources/server.php(23): require_once('...')
#60 {main}
"} 
[2026-09-11 06:55:17] production.INFO: DEMO OTP for 9999999999: 212590  
[2026-09-11 06:55:47] production.INFO: DEMO OTP for 9123828516: 433045  
[2026-09-11 07:16:21] production.INFO: DEMO OTP for 9888888888: 411132  
[2026-09-11 07:16:54] production.INFO: DEMO OTP for 9999999999: 854198  
[2026-09-11 07:17:26] production.INFO: DEMO OTP for 9000000000: 790546  
[2026-09-11 07:38:04] production.ERROR: cURL error 28: Operation timed out after 30002 milliseconds with 0 bytes received (see https://curl.se/libcurl/c/libcurl-errors.html) for http://localhost:8000/api/hub/phonepe/initiate {"userId":100,"exception":"[object] (Illuminate\\Http\\Client\\ConnectionException(code: 0): cURL error 28: Operation timed out after 30002 milliseconds with 0 bytes received (see https://curl.se/libcurl/c/libcurl-errors.html) for http://localhost:8000/api/hub/phonepe/initiate at /home/ubuntu/Desktop/finnwayy/vendor/laravel/framework/src/Illuminate/Http/Client/PendingRequest.php:2056)
[stacktrace]
#0 /home/ubuntu/Desktop/finnwayy/vendor/laravel/framework/src/Illuminate/Http/Client/PendingRequest.php(1110): Illuminate\\Http\\Client\\PendingRequest->marshalConnectionException()
#1 /home/ubuntu/Desktop/finnwayy/vendor/laravel/framework/src/Illuminate/Support/helpers.php(328): Illuminate\\Http\\Client\\PendingRequest->Illuminate\\Http\\Client\\{closure}()
#2 /home/ubuntu/Desktop/finnwayy/vendor/laravel/framework/src/Illuminate/Http/Client/PendingRequest.php(1070): retry()
#3 /home/ubuntu/Desktop/finnwayy/vendor/laravel/framework/src/Illuminate/Http/Client/PendingRequest.php(914): Illuminate\\Http\\Client\\PendingRequest->send()
#4 /home/ubuntu/Desktop/finnwayy/app/Http/Controllers/Buyer/OrderController.php(537): Illuminate\\Http\\Client\\PendingRequest->post()
#5 /home/ubuntu/Desktop/finnwayy/vendor/laravel/framework/src/Illuminate/Routing/ControllerDispatcher.php(46): App\\Http\\Controllers\\Buyer\\OrderController->initiateHubPayment()
#6 /home/ubuntu/Desktop/finnwayy/vendor/laravel/framework/src/Illuminate/Routing/Route.php(276): Illuminate\\Routing\\ControllerDispatcher->dispatch()
#7 /home/ubuntu/Desktop/finnwayy/vendor/laravel/framework/src/Illuminate/Routing/Route.php(216): Illuminate\\Routing\\Route->runController()
#8 /home/ubuntu/Desktop/finnwayy/vendor/laravel/framework/src/Illuminate/Routing/Router.php(822): Illuminate\\Routing\\Route->run()
#9 /home/ubuntu/Desktop/finnwayy/vendor/laravel/framework/src/Illuminate/Pipeline/Pipeline.php(180): Illuminate\\Routing\\Router->Illuminate\\Routing\\{closure}()
#10 /home/ubuntu/Desktop/finnwayy/vendor/laravel/framework/src/Illuminate/Routing/Middleware/SubstituteBindings.php(52): Illuminate\\Pipeline\\Pipeline->Illuminate\\Pipeline\\{closure}()
#11 /home/ubuntu/Desktop/finnwayy/vendor/laravel/framework/src/Illuminate/Pipeline/Pipeline.php(219): Illuminate\\Routing\\Middleware\\SubstituteBindings->handle()
#12 /home/ubuntu/Desktop/finnwayy/vendor/laravel/framework/src/Illuminate/Auth/Middleware/Authenticate.php(63): Illuminate\\Pipeline\\Pipeline->Illuminate\\Pipeline\\{closure}()
#13 /home/ubuntu/Desktop/finnwayy/vendor/laravel/framework/src/Illuminate/Pipeline/Pipeline.php(219): Illuminate\\Auth\\Middleware\\Authenticate->handle()
#14 /home/ubuntu/Desktop/finnwayy/vendor/laravel/framework/src/Illuminate/Foundation/Http/Middleware/PreventRequestForgery.php(104): Illuminate\\Pipeline\\Pipeline->Illuminate\\Pipeline\\{closure}()
#15 /home/ubuntu/Desktop/finnwayy/vendor/laravel/framework/src/Illuminate/Pipeline/Pipeline.php(219): Illuminate\\Foundation\\Http\\Middleware\\PreventRequestForgery->handle()
#16 /home/ubuntu/Desktop/finnwayy/vendor/laravel/framework/src/Illuminate/View/Middleware/ShareErrorsFromSession.php(48): Illuminate\\Pipeline\\Pipeline->Illuminate\\Pipeline\\{closure}()
#17 /home/ubuntu/Desktop/finnwayy/vendor/laravel/framework/src/Illuminate/Pipeline/Pipeline.php(219): Illuminate\\View\\Middleware\\ShareErrorsFromSession->handle()
#18 /home/ubuntu/Desktop/finnwayy/vendor/laravel/framework/src/Illuminate/Session/Middleware/StartSession.php(120): Illuminate\\Pipeline\\Pipeline->Illuminate\\Pipeline\\{closure}()
#19 /home/ubuntu/Desktop/finnwayy/vendor/laravel/framework/src/Illuminate/Session/Middleware/StartSession.php(63): Illuminate\\Session\\Middleware\\StartSession->handleStatefulRequest()
#20 /home/ubuntu/Desktop/finnwayy/vendor/laravel/framework/src/Illuminate/Pipeline/Pipeline.php(219): Illuminate\\Session\\Middleware\\StartSession->handle()
#21 /home/ubuntu/Desktop/finnwayy/vendor/laravel/framework/src/Illuminate/Cookie/Middleware/AddQueuedCookiesToResponse.php(36): Illuminate\\Pipeline\\Pipeline->Illuminate\\Pipeline\\{closure}()
#22 /home/ubuntu/Desktop/finnwayy/vendor/laravel/framework/src/Illuminate/Pipeline/Pipeline.php(219): Illuminate\\Cookie\\Middleware\\AddQueuedCookiesToResponse->handle()
#23 /home/ubuntu/Desktop/finnwayy/vendor/laravel/framework/src/Illuminate/Cookie/Middleware/EncryptCookies.php(74): Illuminate\\Pipeline\\Pipeline->Illuminate\\Pipeline\\{closure}()
#24 /home/ubuntu/Desktop/finnwayy/vendor/laravel/framework/src/Illuminate/Pipeline/Pipeline.php(219): Illuminate\\Cookie\\Middleware\\EncryptCookies->handle()
#25 /home/ubuntu/Desktop/finnwayy/vendor/laravel/framework/src/Illuminate/Pipeline/Pipeline.php(137): Illuminate\\Pipeline\\Pipeline->Illuminate\\Pipeline\\{closure}()
#26 /home/ubuntu/Desktop/finnwayy/vendor/laravel/framework/src/Illuminate/Routing/Router.php(821): Illuminate\\Pipeline\\Pipeline->then()
#27 /home/ubuntu/Desktop/finnwayy/vendor/laravel/framework/src/Illuminate/Routing/Router.php(800): Illuminate\\Routing\\Router->runRouteWithinStack()
#28 /home/ubuntu/Desktop/finnwayy/vendor/laravel/framework/src/Illuminate/Routing/Router.php(764): Illuminate\\Routing\\Router->runRoute()
#29 /home/ubuntu/Desktop/finnwayy/vendor/laravel/framework/src/Illuminate/Routing/Router.php(753): Illuminate\\Routing\\Router->dispatchToRoute()
#30 /home/ubuntu/Desktop/finnwayy/vendor/laravel/framework/src/Illuminate/Foundation/Http/Kernel.php(200): Illuminate\\Routing\\Router->dispatch()
#31 /home/ubuntu/Desktop/finnwayy/vendor/laravel/framework/src/Illuminate/Pipeline/Pipeline.php(180): Illuminate\\Foundation\\Http\\Kernel->Illuminate\\Foundation\\Http\\{closure}()
#32 /home/ubuntu/Desktop/finnwayy/vendor/laravel/framework/src/Illuminate/Foundation/Http/Middleware/TransformsRequest.php(21): Illuminate\\Pipeline\\Pipeline->Illuminate\\Pipeline\\{closure}()
#33 /home/ubuntu/Desktop/finnwayy/vendor/laravel/framework/src/Illuminate/Foundation/Http/Middleware/ConvertEmptyStringsToNull.php(31): Illuminate\\Foundation\\Http\\Middleware\\TransformsRequest->handle()
#34 /home/ubuntu/Desktop/finnwayy/vendor/laravel/framework/src/Illuminate/Pipeline/Pipeline.php(219): Illuminate\\Foundation\\Http\\Middleware\\ConvertEmptyStringsToNull->handle()
#35 /home/ubuntu/Desktop/finnwayy/vendor/laravel/framework/src/Illuminate/Foundation/Http/Middleware/TransformsRequest.php(21): Illuminate\\Pipeline\\Pipeline->Illuminate\\Pipeline\\{closure}()
#36 /home/ubuntu/Desktop/finnwayy/vendor/laravel/framework/src/Illuminate/Foundation/Http/Middleware/TrimStrings.php(51): Illuminate\\Foundation\\Http\\Middleware\\TransformsRequest->handle()
#37 /home/ubuntu/Desktop/finnwayy/vendor/laravel/framework/src/Illuminate/Pipeline/Pipeline.php(219): Illuminate\\Foundation\\Http\\Middleware\\TrimStrings->handle()
#38 /home/ubuntu/Desktop/finnwayy/vendor/laravel/framework/src/Illuminate/Http/Middleware/ValidatePostSize.php(27): Illuminate\\Pipeline\\Pipeline->Illuminate\\Pipeline\\{closure}()
#39 /home/ubuntu/Desktop/finnwayy/vendor/laravel/framework/src/Illuminate/Pipeline/Pipeline.php(219): Illuminate\\Http\\Middleware\\ValidatePostSize->handle()
#40 /home/ubuntu/Desktop/finnwayy/vendor/laravel/framework/src/Illuminate/Foundation/Http/Middleware/PreventRequestsDuringMaintenance.php(110): Illuminate\\Pipeline\\Pipeline->Illuminate\\Pipeline\\{closure}()
#41 /home/ubuntu/Desktop/finnwayy/vendor/laravel/framework/src/Illuminate/Pipeline/Pipeline.php(219): Illuminate\\Foundation\\Http\\Middleware\\PreventRequestsDuringMaintenance->handle()
#42 /home/ubuntu/Desktop/finnwayy/vendor/laravel/framework/src/Illuminate/Http/Middleware/HandleCors.php(61): Illuminate\\Pipeline\\Pipeline->Illuminate\\Pipeline\\{closure}()
#43 /home/ubuntu/Desktop/finnwayy/vendor/laravel/framework/src/Illuminate/Pipeline/Pipeline.php(219): Illuminate\\Http\\Middleware\\HandleCors->handle()
#44 /home/ubuntu/Desktop/finnwayy/vendor/laravel/framework/src/Illuminate/Http/Middleware/TrustProxies.php(58): Illuminate\\Pipeline\\Pipeline->Illuminate\\Pipeline\\{closure}()
#45 /home/ubuntu/Desktop/finnwayy/vendor/laravel/framework/src/Illuminate/Pipeline/Pipeline.php(219): Illuminate\\Http\\Middleware\\TrustProxies->handle()
#46 /home/ubuntu/Desktop/finnwayy/vendor/laravel/framework/src/Illuminate/Foundation/Http/Middleware/InvokeDeferredCallbacks.php(22): Illuminate\\Pipeline\\Pipeline->Illuminate\\Pipeline\\{closure}()
#47 /home/ubuntu/Desktop/finnwayy/vendor/laravel/framework/src/Illuminate/Pipeline/Pipeline.php(219): Illuminate\\Foundation\\Http\\Middleware\\InvokeDeferredCallbacks->handle()
#48 /home/ubuntu/Desktop/finnwayy/vendor/laravel/framework/src/Illuminate/Http/Middleware/ValidatePathEncoding.php(28): Illuminate\\Pipeline\\Pipeline->Illuminate\\Pipeline\\{closure}()
#49 /home/ubuntu/Desktop/finnwayy/vendor/laravel/framework/src/Illuminate/Pipeline/Pipeline.php(219): Illuminate\\Http\\Middleware\\ValidatePathEncoding->handle()
#50 /home/ubuntu/Desktop/finnwayy/vendor/laravel/framework/src/Illuminate/Pipeline/Pipeline.php(137): Illuminate\\Pipeline\\Pipeline->Illuminate\\Pipeline\\{closure}()
#51 /home/ubuntu/Desktop/finnwayy/vendor/laravel/framework/src/Illuminate/Foundation/Http/Kernel.php(175): Illuminate\\Pipeline\\Pipeline->then()
#52 /home/ubuntu/Desktop/finnwayy/vendor/laravel/framework/src/Illuminate/Foundation/Http/Kernel.php(144): Illuminate\\Foundation\\Http\\Kernel->sendRequestThroughRouter()
#53 /home/ubuntu/Desktop/finnwayy/vendor/laravel/framework/src/Illuminate/Foundation/Application.php(1227): Illuminate\\Foundation\\Http\\Kernel->handle()
#54 /home/ubuntu/Desktop/finnwayy/public/index.php(20): Illuminate\\Foundation\\Application->handleRequest()
#55 /home/ubuntu/Desktop/finnwayy/vendor/laravel/framework/src/Illuminate/Foundation/resources/server.php(23): require_once('...')
#56 {main}

[previous exception] [object] (GuzzleHttp\\Exception\\ConnectException(code: 0): cURL error 28: Operation timed out after 30002 milliseconds with 0 bytes received (see https://curl.se/libcurl/c/libcurl-errors.html) for http://localhost:8000/api/hub/phonepe/initiate at /home/ubuntu/Desktop/finnwayy/vendor/guzzlehttp/guzzle/src/Handler/CurlFactory.php:1140)
[stacktrace]
#0 /home/ubuntu/Desktop/finnwayy/vendor/guzzlehttp/guzzle/src/Handler/CurlFactory.php(1077): GuzzleHttp\\Handler\\CurlFactory::createRejection()
#1 /home/ubuntu/Desktop/finnwayy/vendor/guzzlehttp/guzzle/src/Handler/CurlFactory.php(1014): GuzzleHttp\\Handler\\CurlFactory::finishError()
#2 /home/ubuntu/Desktop/finnwayy/vendor/guzzlehttp/guzzle/src/Handler/CurlHandler.php(88): GuzzleHttp\\Handler\\CurlFactory::finish()
#3 /home/ubuntu/Desktop/finnwayy/vendor/guzzlehttp/guzzle/src/Handler/Proxy.php(28): GuzzleHttp\\Handler\\CurlHandler->__invoke()
#4 /home/ubuntu/Desktop/finnwayy/vendor/guzzlehttp/guzzle/src/Handler/Proxy.php(68): GuzzleHttp\\Handler\\Proxy::GuzzleHttp\\Handler\\{closure}()
#5 /home/ubuntu/Desktop/finnwayy/vendor/guzzlehttp/guzzle/src/Handler/Proxy.php(48): GuzzleHttp\\Handler\\Proxy::GuzzleHttp\\Handler\\{closure}()
#6 /home/ubuntu/Desktop/finnwayy/vendor/laravel/framework/src/Illuminate/Http/Client/PendingRequest.php(1780): GuzzleHttp\\Handler\\Proxy::GuzzleHttp\\Handler\\{closure}()
#7 /home/ubuntu/Desktop/finnwayy/vendor/laravel/framework/src/Illuminate/Http/Client/PendingRequest.php(1737): Illuminate\\Http\\Client\\PendingRequest->Illuminate\\Http\\Client\\{closure}()
#8 /home/ubuntu/Desktop/finnwayy/vendor/laravel/framework/src/Illuminate/Http/Client/PendingRequest.php(1723): Illuminate\\Http\\Client\\PendingRequest->Illuminate\\Http\\Client\\{closure}()
#9 /home/ubuntu/Desktop/finnwayy/vendor/guzzlehttp/guzzle/src/PrepareBodyMiddleware.php(64): Illuminate\\Http\\Client\\PendingRequest->Illuminate\\Http\\Client\\{closure}()
#10 /home/ubuntu/Desktop/finnwayy/vendor/guzzlehttp/guzzle/src/Middleware.php(38): GuzzleHttp\\PrepareBodyMiddleware->__invoke()
#11 /home/ubuntu/Desktop/finnwayy/vendor/guzzlehttp/guzzle/src/RedirectMiddleware.php(72): GuzzleHttp\\Middleware::GuzzleHttp\\{closure}()
#12 /home/ubuntu/Desktop/finnwayy/vendor/guzzlehttp/guzzle/src/Middleware.php(63): GuzzleHttp\\RedirectMiddleware->__invoke()
#13 /home/ubuntu/Desktop/finnwayy/vendor/guzzlehttp/guzzle/src/HandlerStack.php(75): GuzzleHttp\\Middleware::GuzzleHttp\\{closure}()
#14 /home/ubuntu/Desktop/finnwayy/vendor/guzzlehttp/guzzle/src/Client.php(1109): GuzzleHttp\\HandlerStack->__invoke()
#15 /home/ubuntu/Desktop/finnwayy/vendor/guzzlehttp/guzzle/src/Client.php(243): GuzzleHttp\\Client->transfer()
#16 /home/ubuntu/Desktop/finnwayy/vendor/guzzlehttp/guzzle/src/Client.php(273): GuzzleHttp\\Client->requestAsync()
#17 /home/ubuntu/Desktop/finnwayy/vendor/laravel/framework/src/Illuminate/Http/Client/PendingRequest.php(1353): GuzzleHttp\\Client->request()
#18 /home/ubuntu/Desktop/finnwayy/vendor/laravel/framework/src/Illuminate/Http/Client/PendingRequest.php(1072): Illuminate\\Http\\Client\\PendingRequest->sendRequest()
#19 /home/ubuntu/Desktop/finnwayy/vendor/laravel/framework/src/Illuminate/Support/helpers.php(328): Illuminate\\Http\\Client\\PendingRequest->Illuminate\\Http\\Client\\{closure}()
#20 /home/ubuntu/Desktop/finnwayy/vendor/laravel/framework/src/Illuminate/Http/Client/PendingRequest.php(1070): retry()
#21 /home/ubuntu/Desktop/finnwayy/vendor/laravel/framework/src/Illuminate/Http/Client/PendingRequest.php(914): Illuminate\\Http\\Client\\PendingRequest->send()
#22 /home/ubuntu/Desktop/finnwayy/app/Http/Controllers/Buyer/OrderController.php(537): Illuminate\\Http\\Client\\PendingRequest->post()
#23 /home/ubuntu/Desktop/finnwayy/vendor/laravel/framework/src/Illuminate/Routing/ControllerDispatcher.php(46): App\\Http\\Controllers\\Buyer\\OrderController->initiateHubPayment()
#24 /home/ubuntu/Desktop/finnwayy/vendor/laravel/framework/src/Illuminate/Routing/Route.php(276): Illuminate\\Routing\\ControllerDispatcher->dispatch()
#25 /home/ubuntu/Desktop/finnwayy/vendor/laravel/framework/src/Illuminate/Routing/Route.php(216): Illuminate\\Routing\\Route->runController()
#26 /home/ubuntu/Desktop/finnwayy/vendor/laravel/framework/src/Illuminate/Routing/Router.php(822): Illuminate\\Routing\\Route->run()
#27 /home/ubuntu/Desktop/finnwayy/vendor/laravel/framework/src/Illuminate/Pipeline/Pipeline.php(180): Illuminate\\Routing\\Router->Illuminate\\Routing\\{closure}()
#28 /home/ubuntu/Desktop/finnwayy/vendor/laravel/framework/src/Illuminate/Routing/Middleware/SubstituteBindings.php(52): Illuminate\\Pipeline\\Pipeline->Illuminate\\Pipeline\\{closure}()
#29 /home/ubuntu/Desktop/finnwayy/vendor/laravel/framework/src/Illuminate/Pipeline/Pipeline.php(219): Illuminate\\Routing\\Middleware\\SubstituteBindings->handle()
#30 /home/ubuntu/Desktop/finnwayy/vendor/laravel/framework/src/Illuminate/Auth/Middleware/Authenticate.php(63): Illuminate\\Pipeline\\Pipeline->Illuminate\\Pipeline\\{closure}()
#31 /home/ubuntu/Desktop/finnwayy/vendor/laravel/framework/src/Illuminate/Pipeline/Pipeline.php(219): Illuminate\\Auth\\Middleware\\Authenticate->handle()
#32 /home/ubuntu/Desktop/finnwayy/vendor/laravel/framework/src/Illuminate/Foundation/Http/Middleware/PreventRequestForgery.php(104): Illuminate\\Pipeline\\Pipeline->Illuminate\\Pipeline\\{closure}()
#33 /home/ubuntu/Desktop/finnwayy/vendor/laravel/framework/src/Illuminate/Pipeline/Pipeline.php(219): Illuminate\\Foundation\\Http\\Middleware\\PreventRequestForgery->handle()
#34 /home/ubuntu/Desktop/finnwayy/vendor/laravel/framework/src/Illuminate/View/Middleware/ShareErrorsFromSession.php(48): Illuminate\\Pipeline\\Pipeline->Illuminate\\Pipeline\\{closure}()
#35 /home/ubuntu/Desktop/finnwayy/vendor/laravel/framework/src/Illuminate/Pipeline/Pipeline.php(219): Illuminate\\View\\Middleware\\ShareErrorsFromSession->handle()
#36 /home/ubuntu/Desktop/finnwayy/vendor/laravel/framework/src/Illuminate/Session/Middleware/StartSession.php(120): Illuminate\\Pipeline\\Pipeline->Illuminate\\Pipeline\\{closure}()
#37 /home/ubuntu/Desktop/finnwayy/vendor/laravel/framework/src/Illuminate/Session/Middleware/StartSession.php(63): Illuminate\\Session\\Middleware\\StartSession->handleStatefulRequest()
#38 /home/ubuntu/Desktop/finnwayy/vendor/laravel/framework/src/Illuminate/Pipeline/Pipeline.php(219): Illuminate\\Session\\Middleware\\StartSession->handle()
#39 /home/ubuntu/Desktop/finnwayy/vendor/laravel/framework/src/Illuminate/Cookie/Middleware/AddQueuedCookiesToResponse.php(36): Illuminate\\Pipeline\\Pipeline->Illuminate\\Pipeline\\{closure}()
#40 /home/ubuntu/Desktop/finnwayy/vendor/laravel/framework/src/Illuminate/Pipeline/Pipeline.php(219): Illuminate\\Cookie\\Middleware\\AddQueuedCookiesToResponse->handle()
#41 /home/ubuntu/Desktop/finnwayy/vendor/laravel/framework/src/Illuminate/Cookie/Middleware/EncryptCookies.php(74): Illuminate\\Pipeline\\Pipeline->Illuminate\\Pipeline\\{closure}()
#42 /home/ubuntu/Desktop/finnwayy/vendor/laravel/framework/src/Illuminate/Pipeline/Pipeline.php(219): Illuminate\\Cookie\\Middleware\\EncryptCookies->handle()
#43 /home/ubuntu/Desktop/finnwayy/vendor/laravel/framework/src/Illuminate/Pipeline/Pipeline.php(137): Illuminate\\Pipeline\\Pipeline->Illuminate\\Pipeline\\{closure}()
#44 /home/ubuntu/Desktop/finnwayy/vendor/laravel/framework/src/Illuminate/Routing/Router.php(821): Illuminate\\Pipeline\\Pipeline->then()
#45 /home/ubuntu/Desktop/finnwayy/vendor/laravel/framework/src/Illuminate/Routing/Router.php(800): Illuminate\\Routing\\Router->runRouteWithinStack()
#46 /home/ubuntu/Desktop/finnwayy/vendor/laravel/framework/src/Illuminate/Routing/Router.php(764): Illuminate\\Routing\\Router->runRoute()
#47 /home/ubuntu/Desktop/finnwayy/vendor/laravel/framework/src/Illuminate/Routing/Router.php(753): Illuminate\\Routing\\Router->dispatchToRoute()
#48 /home/ubuntu/Desktop/finnwayy/vendor/laravel/framework/src/Illuminate/Foundation/Http/Kernel.php(200): Illuminate\\Routing\\Router->dispatch()
#49 /home/ubuntu/Desktop/finnwayy/vendor/laravel/framework/src/Illuminate/Pipeline/Pipeline.php(180): Illuminate\\Foundation\\Http\\Kernel->Illuminate\\Foundation\\Http\\{closure}()
#50 /home/ubuntu/Desktop/finnwayy/vendor/laravel/framework/src/Illuminate/Foundation/Http/Middleware/TransformsRequest.php(21): Illuminate\\Pipeline\\Pipeline->Illuminate\\Pipeline\\{closure}()
#51 /home/ubuntu/Desktop/finnwayy/vendor/laravel/framework/src/Illuminate/Foundation/Http/Middleware/ConvertEmptyStringsToNull.php(31): Illuminate\\Foundation\\Http\\Middleware\\TransformsRequest->handle()
#52 /home/ubuntu/Desktop/finnwayy/vendor/laravel/framework/src/Illuminate/Pipeline/Pipeline.php(219): Illuminate\\Foundation\\Http\\Middleware\\ConvertEmptyStringsToNull->handle()
#53 /home/ubuntu/Desktop/finnwayy/vendor/laravel/framework/src/Illuminate/Foundation/Http/Middleware/TransformsRequest.php(21): Illuminate\\Pipeline\\Pipeline->Illuminate\\Pipeline\\{closure}()
#54 /home/ubuntu/Desktop/finnwayy/vendor/laravel/framework/src/Illuminate/Foundation/Http/Middleware/TrimStrings.php(51): Illuminate\\Foundation\\Http\\Middleware\\TransformsRequest->handle()
#55 /home/ubuntu/Desktop/finnwayy/vendor/laravel/framework/src/Illuminate/Pipeline/Pipeline.php(219): Illuminate\\Foundation\\Http\\Middleware\\TrimStrings->handle()
#56 /home/ubuntu/Desktop/finnwayy/vendor/laravel/framework/src/Illuminate/Http/Middleware/ValidatePostSize.php(27): Illuminate\\Pipeline\\Pipeline->Illuminate\\Pipeline\\{closure}()
#57 /home/ubuntu/Desktop/finnwayy/vendor/laravel/framework/src/Illuminate/Pipeline/Pipeline.php(219): Illuminate\\Http\\Middleware\\ValidatePostSize->handle()
#58 /home/ubuntu/Desktop/finnwayy/vendor/laravel/framework/src/Illuminate/Foundation/Http/Middleware/PreventRequestsDuringMaintenance.php(110): Illuminate\\Pipeline\\Pipeline->Illuminate\\Pipeline\\{closure}()
#59 /home/ubuntu/Desktop/finnwayy/vendor/laravel/framework/src/Illuminate/Pipeline/Pipeline.php(219): Illuminate\\Foundation\\Http\\Middleware\\PreventRequestsDuringMaintenance->handle()
#60 /home/ubuntu/Desktop/finnwayy/vendor/laravel/framework/src/Illuminate/Http/Middleware/HandleCors.php(61): Illuminate\\Pipeline\\Pipeline->Illuminate\\Pipeline\\{closure}()
#61 /home/ubuntu/Desktop/finnwayy/vendor/laravel/framework/src/Illuminate/Pipeline/Pipeline.php(219): Illuminate\\Http\\Middleware\\HandleCors->handle()
#62 /home/ubuntu/Desktop/finnwayy/vendor/laravel/framework/src/Illuminate/Http/Middleware/TrustProxies.php(58): Illuminate\\Pipeline\\Pipeline->Illuminate\\Pipeline\\{closure}()
#63 /home/ubuntu/Desktop/finnwayy/vendor/laravel/framework/src/Illuminate/Pipeline/Pipeline.php(219): Illuminate\\Http\\Middleware\\TrustProxies->handle()
#64 /home/ubuntu/Desktop/finnwayy/vendor/laravel/framework/src/Illuminate/Foundation/Http/Middleware/InvokeDeferredCallbacks.php(22): Illuminate\\Pipeline\\Pipeline->Illuminate\\Pipeline\\{closure}()
#65 /home/ubuntu/Desktop/finnwayy/vendor/laravel/framework/src/Illuminate/Pipeline/Pipeline.php(219): Illuminate\\Foundation\\Http\\Middleware\\InvokeDeferredCallbacks->handle()
#66 /home/ubuntu/Desktop/finnwayy/vendor/laravel/framework/src/Illuminate/Http/Middleware/ValidatePathEncoding.php(28): Illuminate\\Pipeline\\Pipeline->Illuminate\\Pipeline\\{closure}()
#67 /home/ubuntu/Desktop/finnwayy/vendor/laravel/framework/src/Illuminate/Pipeline/Pipeline.php(219): Illuminate\\Http\\Middleware\\ValidatePathEncoding->handle()
#68 /home/ubuntu/Desktop/finnwayy/vendor/laravel/framework/src/Illuminate/Pipeline/Pipeline.php(137): Illuminate\\Pipeline\\Pipeline->Illuminate\\Pipeline\\{closure}()
#69 /home/ubuntu/Desktop/finnwayy/vendor/laravel/framework/src/Illuminate/Foundation/Http/Kernel.php(175): Illuminate\\Pipeline\\Pipeline->then()
#70 /home/ubuntu/Desktop/finnwayy/vendor/laravel/framework/src/Illuminate/Foundation/Http/Kernel.php(144): Illuminate\\Foundation\\Http\\Kernel->sendRequestThroughRouter()
#71 /home/ubuntu/Desktop/finnwayy/vendor/laravel/framework/src/Illuminate/Foundation/Application.php(1227): Illuminate\\Foundation\\Http\\Kernel->handle()
#72 /home/ubuntu/Desktop/finnwayy/public/index.php(20): Illuminate\\Foundation\\Application->handleRequest()
#73 /home/ubuntu/Desktop/finnwayy/vendor/laravel/framework/src/Illuminate/Foundation/resources/server.php(23): require_once('...')
#74 {main}
"} 
[2026-09-11 07:38:05] production.INFO: PaymentHub: PaymentRequest #8 created for client [FIINWAY Internal] {"provider_order_id":"hub_8_a2V0n","gateway":"phonepe"} 
[2026-09-11 09:12:04] production.INFO: DEMO OTP for 7777777777: 010236  
[2026-09-12 12:30:44] testing.INFO: PaymentHub: Session #1 marked user_dropped via abandonment beacon.  
[2026-09-12 12:32:58] testing.INFO: PaymentHub: Session #1 marked user_dropped via abandonment beacon.  
[2026-09-12 12:33:58] testing.INFO: PaymentHub: Session #1 marked user_dropped via abandonment beacon.  
[2026-09-12 12:37:38] testing.INFO: PaymentHub: Session #1 marked user_dropped via abandonment beacon.  
[2026-09-12 12:44:42] testing.WARNING: PaymentRequest #1: Client webhook callback returned HTTP 405  
[2026-09-12 12:44:42] testing.WARNING: PaymentRequest #1: Client webhook callback returned HTTP 405  
[2026-09-12 12:44:42] testing.INFO: PaymentHub: Session #1 marked user_dropped via abandonment beacon.  
[2026-09-12 12:44:56] testing.WARNING: PaymentRequest #1: Client webhook callback returned HTTP 405  
[2026-09-12 12:44:56] testing.WARNING: PaymentRequest #1: Client webhook callback returned HTTP 405  
[2026-09-12 12:44:56] testing.INFO: PaymentHub: Session #1 marked user_dropped via abandonment beacon.  
[2026-09-12 12:44:56] testing.INFO: PaymentRequest #1: Client webhook callback delivered to [https://example.com/webhook]  
[2026-09-12 13:22:00] testing.WARNING: PaymentRequest #1: Client webhook callback returned HTTP 405  
[2026-09-12 13:22:00] testing.WARNING: PaymentRequest #1: Client webhook callback returned HTTP 405  
[2026-09-12 13:22:00] testing.INFO: PaymentHub: Session #1 marked user_dropped via abandonment beacon.  
[2026-09-12 13:22:00] testing.INFO: PaymentRequest #1: Client webhook callback delivered to [https://example.com/webhook]  
[2026-09-12 13:43:20] testing.WARNING: PaymentRequest #1: Client webhook callback returned HTTP 405  
[2026-09-12 13:43:20] testing.WARNING: PaymentRequest #1: Client webhook callback returned HTTP 405  
[2026-09-12 13:43:20] testing.INFO: PaymentHub: Session #1 marked user_dropped via abandonment beacon.  
[2026-09-12 13:43:21] testing.INFO: PaymentRequest #1: Client webhook callback delivered to [https://example.com/webhook]  
